EventID;GameEventType;Level;CreatureType;UniversalExpAmount;UseRestedExp;CurrencyReward;CoinRewardChance;ItemReward;ItemRewardQty;GearScoreRange;CategoricalProgressionId;CategoricalProgressionReward;TerritoryStanding;FactionReputation;FactionTokens;FactionInfluenceAmount;FactionInfluenceSrc;EmitTelemetry;AzothReward;AzothRewardChance;EntitlementId
Gather1;;0;;0;;;0;;;0;;0;5;0;0;0;;true;0;0;
Gather2;;0;;0;;;0;;;0;;0;5;0;0;0;;true;0;0;
Gather3;;0;;0;;;0;;;0;;0;5;0;0;0;;true;0;0;
Gather4;;0;;0;;;0;;;0;;0;5;0;0;0;;true;0;0;
Gather5;;0;;0;;;0;;;0;;0;5;0;0;0;;true;0;0;
Craft1;;0;;0;;;0;;;0;;0;20;0;0;0;;true;0;0;
Craft2;;0;;0;;;0;;;0;;0;40;0;0;0;;true;0;0;
Craft3;;0;;0;;;0;;;0;;0;80;0;0;0;;true;0;0;
Craft4;;0;;0;;;0;;;0;;0;160;0;0;0;;true;0;0;
Craft5;;0;;0;;;0;;;0;;0;320;0;0;0;;true;0;0;
CampCraft1;;0;;0;;;0;;;0;;0;;0;0;0;;true;0;0;
CampCraft2;;0;;0;;;0;;;0;;0;;0;0;0;;true;0;0;
CampCraft3;;0;;0;;;0;;;0;;0;;0;0;0;;true;0;0;
CampCraft4;;0;;0;;;0;;;0;;0;;0;0;0;;true;0;0;
CampCraft5;;0;;0;;;0;;;0;;0;;0;0;0;;true;0;0;
CraftCooking2;;0;;0;;;0;;;0;;0;40;0;0;0;;true;0;0;
CraftCooking3;;0;;0;;;0;;;0;;0;80;0;0;0;;true;0;0;
CraftCooking4;;0;;0;;;0;;;0;;0;160;0;0;0;;true;0;0;
CraftCooking5;;0;;0;;;0;;;0;;0;320;0;0;0;;true;0;0;
CraftAmmo2;;0;;0;;;0;;;0;;0;40;0;0;0;;true;0;0;
CraftAmmo3;;0;;0;;;0;;;0;;0;80;0;0;0;;true;0;0;
CraftAmmo4;;0;;0;;;0;;;0;;0;160;0;0;0;;true;0;0;
CraftAmmo5;;0;;0;;;0;;;0;;0;320;0;0;0;;true;0;0;
Refine1;;0;;0;;;0;;;0;;0;;0;0;0;;true;0;0;
Refine2;;0;;0;;;0;;;0;;0;;0;0;0;;true;0;0;
Refine3;;0;;0;;;0;;;0;;0;;0;0;0;;true;0;0;
Refine4;;0;;0;;;0;;;0;;0;;0;0;0;;true;0;0;
Refine5;;0;;0;;;0;;;0;;0;;0;0;0;;true;0;0;
Salvage1;;0;;0;;;0;;;0;;0;;0;0;0;;true;0;0;
Salvage2;;0;;0;;;0;;;0;;0;;0;0;0;;true;0;0;
Salvage3;;0;;0;;;0;;;0;;0;;0;0;0;;true;0;0;
Salvage4;;0;;0;;;0;;;0;;0;;0;0;0;;true;0;0;
Salvage5;;0;;0;;;0;;;0;;0;;0;0;0;;true;0;0;
BuildingFinish1;;0;;0;;;0;;;0;;0;;0;0;0;;true;0;0;
BuildingFinish2;;0;;0;;;0;;;0;;0;;0;0;0;;true;0;0;
BuildingFinish3;;0;;0;;;0;;;0;;0;;0;0;0;;true;0;0;
BuildingFinish4;;0;;0;;;0;;;0;;0;;0;0;0;;true;0;0;
BuildingFinish5;;0;;0;;;0;;;0;;0;;0;0;0;;true;0;0;
BuidingContribute1;;0;;0;;;0;;;0;;0;;0;0;0;;true;0;0;
BuidingContribute2;;0;;0;;;0;;;0;;0;;0;0;0;;true;0;0;
BuidingContribute3;;0;;0;;;0;;;0;;0;;0;0;0;;true;0;0;
BuidingContribute4;;0;;0;;;0;;;0;;0;;0;0;0;;true;0;0;
BuidingContribute5;;0;;0;;;0;;;0;;0;;0;0;0;;true;0;0;
MakeCamp;;0;;0;;;0;;;0;;0;;0;0;0;;true;0;0;
Kill_Player;;0;;0;;;0;;;0;;0;0;0;0;0;;true;0;0;
KillStructure;;0;;0;;;0;;;0;;0;0;0;0;0;;true;0;0;
Kill_Structure;;0;;0;;;0;;;0;;0;0;0;0;0;;true;0;0;
WeaponHit1;;0;;0;;;0;;;0;;0;;0;0;0;;true;0;0;
WeaponHit2;;0;;0;;;0;;;0;;0;;0;0;0;;true;0;0;
WeaponHit3;;0;;0;;;0;;;0;;0;;0;0;0;;true;0;0;
WeaponHit4;;0;;0;;;0;;;0;;0;;0;0;0;;true;0;0;
WeaponHit5;;0;;0;;;0;;;0;;0;;0;0;0;;true;0;0;
DamageEnemyUnarmed;;0;;0;;;0;;;0;;0;;0;0;0;;true;0;0;
PlayerKill;PvPKill;0;;1;1;0;0;;;0;;0;0;1;1;0;;true;0;0;
KillEvent;;0;;1;1;0;0.05000000074505806;;;0;;0;1;0;0;0;;true;0;0.07000000029802322;
BaseObjective;;0;;1;1;1;0;;;0;;0;1;0;0;0;;true;1;0;
ObjectivePOI;;0;;1;1;1;0;;;0;;0;1;0;0;0;;true;0;0;
CategoricalProgressionRankUp;;0;;1;1;0;0;;;0;;0;0;0;0;0;;true;0;0;
KillFTUE_Sailor_T1_2;;1;Solo;0;1;0;0;;;0;SwordAbilityTable;50;0;0;0;0;;true;0;0;
FTW_KillSmall;;0;;30;;;0;;;0;;0;25;0;0;0;;true;0;0;
FTW_KillMedium;;0;;60;;;0;;;0;;0;50;0;0;0;;true;0;0;
FTW_KillLarge;;0;;120;;;0;;;0;;0;100;0;0;0;;true;0;0;
Mission_Success_Procurer_T1;;15;Quest+;870;;7875;0;;;0;;0;250;100;100;0;Missions;true;20;0;
Mission_Failure_Procurer_T1;;0;;0;;;0;;;0;;0;;0;0;0;;true;0;0;
Mission_Success_Bounty_T1;;15;Quest+;870;;7875;0;;;0;;0;250;100;100;0;Missions;true;20;0;
Mission_Failure_Bounty_T1;;0;;0;;;0;;;0;;0;;0;0;0;;true;0;0;
Mission_Success_Merchant_T1;;15;Quest+;870;;7875;0;;;0;;0;250;100;100;0;Missions;true;20;0;
Mission_Failure_Merchant_T1;;0;;0;;;0;;;0;;0;;0;0;0;;true;0;0;
Mission_Success_Procurer_T2;;25;Quest+;1540;;9625;0;;;0;;0;250;150;150;0;Missions;true;20;1;
Mission_Failure_Procurer_T2;;0;;0;;;0;;;0;;0;;0;0;0;;true;0;0;
Mission_Success_Bounty_T2;;25;Quest+;1540;;9625;0;;;0;;0;250;150;150;0;Missions;true;20;1;
Mission_Failure_Bounty_T2;;0;;0;;;0;;;0;;0;;0;0;0;;true;0;0;
Mission_Success_Merchant_T2;;25;Quest+;1540;;9625;0;;;0;;0;250;150;150;0;Missions;true;20;1;
Mission_Failure_Merchant_T2;;0;;0;;;0;;;0;;0;;0;0;0;;true;0;0;
Mission_Success_Procurer_T3;;35;Quest+;2120;;11375;0;;;0;;0;250;200;200;0;Missions;true;20;1;
Mission_Failure_Procurer_T3;;0;;0;;;0;;;0;;0;;0;0;0;;true;0;0;
Mission_Success_Bounty_T3;;35;Quest+;2120;;11375;0;;;0;;0;250;200;200;0;Missions;true;20;1;
Mission_Failure_Bounty_T3;;0;;0;;;0;;;0;;0;;0;0;0;;true;0;0;
Mission_Success_Merchant_T3;;35;Quest+;2120;;11375;0;;;0;;0;250;200;200;0;Missions;true;20;1;
Mission_Failure_Merchant_T3;;0;;0;;;0;;;0;;0;;0;0;0;;true;0;0;
Mission_Success_Procurer_T4;;45;Quest+;2640;;13125;0;;;0;;0;250;300;300;0;Missions;true;20;1;
Mission_Failure_Procurer_T4;;0;;0;;;0;;;0;;0;;0;0;0;;true;0;0;
Mission_Success_Bounty_T4;;45;Quest+;2640;;13125;0;;;0;;0;250;300;300;0;Missions;true;20;1;
Mission_Failure_Bounty_T4;;0;;0;;;0;;;0;;0;;0;0;0;;true;0;0;
Mission_Success_Merchant_T4;;45;Quest+;2640;;13125;0;;;0;;0;250;300;300;0;Missions;true;20;1;
Mission_Failure_Merchant_T4;;0;;0;;;0;;;0;;0;;0;0;0;;true;0;0;
Mission_Success_Procurer_T5;;55;Quest+;2970;;14875;0;;;0;;0;250;400;400;0;Missions;true;30;1;
Mission_Failure_Procurer_T5;;0;;0;;;0;;;0;;0;;0;0;0;;true;0;0;
Mission_Success_Bounty_T5;;55;Quest+;2970;;14875;0;;;0;;0;250;400;400;0;Missions;true;30;1;
Mission_Failure_Bounty_T5;;0;;0;;;0;;;0;;0;;0;0;0;;true;0;0;
Mission_Success_Merchant_T5;;55;Quest+;2970;;14875;0;;;0;;0;250;400;400;0;Missions;true;30;1;
Mission_Failure_Merchant_T5;;0;;0;;;0;;;0;;0;;0;0;0;;true;0;0;
Mission_Success_Explorer_T1;;15;Quest+;870;;7875;0;;;0;;0;250;100;100;0;Missions;true;20;0;
Mission_Failure_Explorer_T1;;0;;0;;;0;;;0;;0;;0;0;0;;true;0;0;
Mission_Success_Explorer_T2;;25;Quest+;1540;;9625;0;;;0;;0;250;150;150;0;Missions;true;20;1;
Mission_Failure_Explorer_T2;;0;;0;;;0;;;0;;0;;0;0;0;;true;0;0;
Mission_Success_Explorer_T3;;35;Quest+;2120;;11375;0;;;0;;0;250;200;200;0;Missions;true;20;1;
Mission_Failure_Explorer_T3;;0;;0;;;0;;;0;;0;;0;0;0;;true;0;0;
Mission_Success_Explorer_T4;;45;Quest+;2640;;13125;0;;;0;;0;250;300;300;0;Missions;true;20;1;
Mission_Failure_Explorer_T4;;0;;0;;;0;;;0;;0;;0;0;0;;true;0;0;
Mission_Success_Explorer_T5;;55;Quest+;2970;;14875;0;;;0;;0;250;400;400;0;Missions;true;30;1;
Mission_Failure_Explorer_T5;;0;;0;;;0;;;0;;0;;0;0;0;;true;0;0;
FactionMission_Success_R1_Sm;;15;Mission-;280;;225;0;;;0;;0;125;40;40;0;Missions;true;0;0;
FactionMission_Success_R1_Md;;15;Mission;350;;675;0;;;0;;0;250;60;60;0;Missions;true;0;0;
FactionMission_Success_R1_Lg;;15;Mission+;520;;1125;0;;;0;;0;375;100;100;0;Missions;true;0;0;
FactionMission_Success_R2_Sm;;30;Mission-;590;;300;0;;;0;;0;125;60;60;0;Missions;true;0;0;
FactionMission_Success_R2_Md;;30;Mission;730;;900;0;;;0;;0;250;90;90;0;Missions;true;0;0;
FactionMission_Success_R2_Lg;;30;Mission+;1100;;1500;0;;;0;;0;375;125;125;0;Missions;true;0;0;
FactionMission_Success_R3_Sm;;35;Mission-;680;;325;0;;;0;;0;125;90;90;0;Missions;true;0;0;
FactionMission_Success_R3_Md;;35;Mission;850;;975;0;;;0;;0;250;115;115;0;Missions;true;0;0;
FactionMission_Success_R3_Lg;;35;Mission+;1270;;1625;0;;;0;;0;375;150;150;0;Missions;true;0;0;
FactionMission_Success_R4_Sm;;42;Mission-;800;;360;0;;;0;;0;125;115;115;0;Missions;true;0;0;
FactionMission_Success_R4_Md;;42;Mission;1000;;1080;0;;;0;;0;250;140;140;0;Missions;true;0;0;
FactionMission_Success_R4_Lg;;42;Mission+;1500;;1800;0;;;0;;0;375;175;175;0;Missions;true;0;0;
FactionMission_Success_R5_Sm;;46;Mission-;860;;380;0;;;0;;0;125;200;200;0;Missions;true;0;0;
FactionMission_Success_R5_Md;;46;Mission;1080;;1140;0;;;0;;0;250;225;225;0;Missions;true;0;0;
FactionMission_Success_R5_Lg;;46;Mission+;1620;;1900;0;;;0;;0;375;250;250;0;Missions;true;0;0;
FactionMission_Success_R6_Sm;;60;Mission-;1200;;450;0;;;0;;0;125;200;200;0;Missions;true;0;0;
FactionMission_Success_R6_Md;;60;Mission;1500;;1350;0;;;0;;0;250;225;225;0;Missions;true;0;0;
FactionMission_Success_R6_Lg;;60;Mission+;2250;;2250;0;;;0;;0;375;250;250;0;Missions;true;0;0;
FactionMission_Failure;;0;;0;;;0;;;0;;0;;0;0;0;;true;0;0;
FactionV2_1;;1;Mission;100;;464.99999999999994;0;;;0;;0;250;60;75;0;Missions;true;0;0;
FactionV2_2;;2;Mission;100;;480;0;;;0;;0;250;60;75;0;Missions;true;0;0;
FactionV2_3;;3;Mission;100;;495;0;;;0;;0;250;60;75;0;Missions;true;0;0;
FactionV2_4;;4;Mission;100;;509.99999999999994;0;;;0;;0;250;60;75;0;Missions;true;0;0;
FactionV2_5;;5;Mission;110;;525;0;;;0;;0;250;65;80;0;Missions;true;0;0;
FactionV2_6;;6;Mission;130;;540;0;;;0;;0;250;80;100;0;Missions;true;0;0;
FactionV2_7;;7;Mission;160;;555;0;;;0;;0;250;100;125;0;Missions;true;0;0;
FactionV2_8;;8;Mission;200;;570;0;;;0;;0;250;120;150;0;Missions;true;0;0;
FactionV2_9;;9;Mission;230;;585;0;;;0;;0;250;140;175;0;Missions;true;0;0;
FactionV2_10;;10;Mission;260;;600;0;;;0;;0;250;155;190;0;Missions;true;0;0;
FactionV2_11;;11;Mission;310;;615;0;;;0;;0;250;185;230;0;Missions;true;0;0;
FactionV2_12;;12;Mission;320;;630;0;;;0;;0;250;190;235;0;Missions;true;0;0;
FactionV2_13;;13;Mission;320;;645;0;;;0;;0;250;195;240;0;Missions;true;0;0;
FactionV2_14;;14;Mission;340;;660;0;;;0;;0;250;200;245;0;Missions;true;0;0;
FactionV2_15;;15;Mission;350;;675;0;;;0;;0;250;210;260;0;Missions;true;0;0;
FactionV2_16;;16;Mission;370;;690;0;;;0;;0;250;225;280;0;Missions;true;0;0;
FactionV2_17;;17;Mission;400;;705;0;;;0;;0;250;240;295;0;Missions;true;0;0;
FactionV2_18;;18;Mission;430;;719.99999999999989;0;;;0;;0;250;260;320;0;Missions;true;0;0;
FactionV2_19;;19;Mission;460;;735;0;;;0;;0;250;275;340;0;Missions;true;0;0;
FactionV2_20;;20;Mission;480;;750;0;;;0;;0;250;290;360;0;Missions;true;0;0;
FactionV2_21;;21;Mission;510;;765;0;;;0;;0;250;305;375;0;Missions;true;0;0;
FactionV2_22;;22;Mission;540;;780;0;;;0;;0;250;325;400;0;Missions;true;0;0;
FactionV2_23;;23;Mission;570;;794.99999999999989;0;;;0;;0;250;340;420;0;Missions;true;0;0;
FactionV2_24;;24;Mission;590;;810;0;;;0;;0;250;355;440;0;Missions;true;0;0;
FactionV2_25;;25;Mission;620;;825;0;;;0;;0;250;370;455;0;Missions;true;0;0;
FactionV2_26;;26;Mission;640;;840;0;;;0;;0;250;385;475;0;Missions;true;0;0;
FactionV2_27;;27;Mission;670;;854.99999999999989;0;;;0;;0;250;400;495;0;Missions;true;0;0;
FactionV2_28;;28;Mission;690;;869.99999999999989;0;;;0;;0;250;415;515;0;Missions;true;0;0;
FactionV2_29;;29;Mission;710;;885;0;;;0;;0;250;425;525;0;Missions;true;0;0;
FactionV2_30;;30;Mission;730;;900;0;;;0;;0;250;435;535;0;Missions;true;0;0;
FactionV2_31;;31;Mission;760;;915;0;;;0;;0;250;450;555;0;Missions;true;0;0;
FactionV2_32;;32;Mission;780;;929.99999999999989;0;;;0;;0;250;465;575;0;Missions;true;0;0;
FactionV2_33;;33;Mission;810;;944.99999999999989;0;;;0;;0;250;480;595;0;Missions;true;0;0;
FactionV2_34;;34;Mission;830;;960;0;;;0;;0;250;495;610;0;Missions;true;0;0;
FactionV2_35;;35;Mission;850;;975;0;;;0;;0;250;505;625;0;Missions;true;0;0;
FactionV2_36;;36;Mission;870;;990;0;;;0;;0;250;520;640;0;Missions;true;0;0;
FactionV2_37;;37;Mission;890;;1004.9999999999999;0;;;0;;0;250;530;655;0;Missions;true;0;0;
FactionV2_38;;38;Mission;910;;1019.9999999999999;0;;;0;;0;250;545;675;0;Missions;true;0;0;
FactionV2_39;;39;Mission;930;;1035;0;;;0;;0;250;555;685;0;Missions;true;0;0;
FactionV2_40;;40;Mission;950;;1050;0;;;0;;0;250;570;705;0;Missions;true;0;0;
FactionV2_41;;41;Mission;980;;1065;0;;;0;;0;250;585;720;0;Missions;true;0;0;
FactionV2_42;;42;Mission;1000;;1080;0;;;0;;0;250;595;735;0;Missions;true;0;0;
FactionV2_43;;43;Mission;1020;;1095;0;;;0;;0;250;605;745;0;Missions;true;0;0;
FactionV2_44;;44;Mission;1040;;1110;0;;;0;;0;250;620;765;0;Missions;true;0;0;
FactionV2_45;;45;Mission;1060;;1125;0;;;0;;0;250;630;780;0;Missions;true;0;0;
FactionV2_46;;46;Mission;1080;;1140;0;;;0;;0;250;640;790;0;Missions;true;0;0;
FactionV2_47;;47;Mission;1100;;1155;0;;;0;;0;250;655;810;0;Missions;true;0;0;
FactionV2_48;;48;Mission;1120;;1170;0;;;0;;0;250;665;820;0;Missions;true;0;0;
FactionV2_49;;49;Mission;1140;;1185;0;;;0;;0;250;680;840;0;Missions;true;0;0;
FactionV2_50;;50;Mission;1160;;1200;0;;;0;;0;250;690;850;0;Missions;true;0;0;
FactionV2_51;;51;Mission;1180;;1215;0;;;0;;0;250;700;865;0;Missions;true;0;0;
FactionV2_52;;52;Mission;1180;;1230;0;;;0;;0;250;700;865;0;Missions;true;0;0;
FactionV2_53;;53;Mission;1180;;1245;0;;;0;;0;250;705;870;0;Missions;true;0;0;
FactionV2_54;;54;Mission;1180;;1260;0;;;0;;0;250;705;870;0;Missions;true;0;0;
FactionV2_55;;55;Mission;1190;;1275;0;;;0;;0;250;710;875;0;Missions;true;0;0;
FactionV2_56;;56;Mission;1200;;1290;0;;;0;;0;250;715;885;0;Missions;true;0;0;
FactionV2_57;;57;Mission;1240;;1305;0;;;0;;0;250;740;915;0;Missions;true;0;0;
FactionV2_58;;58;Mission;1290;;1320;0;;;0;;0;250;765;945;0;Missions;true;0;0;
FactionV2_59;;59;Mission;1330;;1335;0;;;0;;0;250;795;980;0;Missions;true;0;0;
FactionV2_60;;60;Mission;1500;;1350;0;;;0;;0;250;895;1105;0;Missions;true;0;0;
FactionV2_61;;61;Mission;1550;;1365;0;;;0;;0;250;925;1140;0;Missions;true;0;0;
FactionV2_62;;62;Mission;1600;;1380;0;;;0;;0;250;955;1180;0;Missions;true;0;0;
FactionV2_63;;63;Mission;1650;;1395;0;;;0;;0;250;985;1215;0;Missions;true;0;0;
FactionV2_64;;64;Mission;1700;;1410;0;;;0;;0;250;1015;1255;0;Missions;true;0;0;
FactionV2_65;;65;Mission;1750;;1425;0;;;0;;0;250;1045;1290;0;Missions;true;0;0;
Faction-V2_1;;1;Mission-;80;;155;0;;;0;;0;125;60;65;0;Missions;true;0;0;
Faction-V2_2;;2;Mission-;80;;160;0;;;0;;0;125;60;65;0;Missions;true;0;0;
Faction-V2_3;;3;Mission-;80;;165;0;;;0;;0;125;60;65;0;Missions;true;0;0;
Faction-V2_4;;4;Mission-;80;;170.00000000000003;0;;;0;;0;125;60;65;0;Missions;true;0;0;
Faction-V2_5;;5;Mission-;90;;175;0;;;0;;0;125;60;65;0;Missions;true;0;0;
Faction-V2_6;;6;Mission-;110;;180;0;;;0;;0;125;75;80;0;Missions;true;0;0;
Faction-V2_7;;7;Mission-;130;;185;0;;;0;;0;125;90;95;0;Missions;true;0;0;
Faction-V2_8;;8;Mission-;160;;190;0;;;0;;0;125;110;115;0;Missions;true;0;0;
Faction-V2_9;;9;Mission-;190;;195.00000000000003;0;;;0;;0;125;130;140;0;Missions;true;0;0;
Faction-V2_10;;10;Mission-;210;;200;0;;;0;;0;125;145;155;0;Missions;true;0;0;
Faction-V2_11;;11;Mission-;250;;205.00000000000003;0;;;0;;0;125;170;180;0;Missions;true;0;0;
Faction-V2_12;;12;Mission-;260;;210;0;;;0;;0;125;175;185;0;Missions;true;0;0;
Faction-V2_13;;13;Mission-;260;;215;0;;;0;;0;125;180;190;0;Missions;true;0;0;
Faction-V2_14;;14;Mission-;270;;220.00000000000003;0;;;0;;0;125;190;200;0;Missions;true;0;0;
Faction-V2_15;;15;Mission-;280;;225;0;;;0;;0;125;195;205;0;Missions;true;0;0;
Faction-V2_16;;16;Mission-;300;;230.00000000000003;0;;;0;;0;125;205;215;0;Missions;true;0;0;
Faction-V2_17;;17;Mission-;320;;235;0;;;0;;0;125;225;240;0;Missions;true;0;0;
Faction-V2_18;;18;Mission-;350;;240.00000000000003;0;;;0;;0;125;240;255;0;Missions;true;0;0;
Faction-V2_19;;19;Mission-;370;;245.00000000000003;0;;;0;;0;125;255;270;0;Missions;true;0;0;
Faction-V2_20;;20;Mission-;390;;250;0;;;0;;0;125;270;285;0;Missions;true;0;0;
Faction-V2_21;;21;Mission-;410;;255.00000000000003;0;;;0;;0;125;285;300;0;Missions;true;0;0;
Faction-V2_22;;22;Mission-;440;;260;0;;;0;;0;125;300;315;0;Missions;true;0;0;
Faction-V2_23;;23;Mission-;460;;265.00000000000006;0;;;0;;0;125;315;335;0;Missions;true;0;0;
Faction-V2_24;;24;Mission-;480;;270;0;;;0;;0;125;330;350;0;Missions;true;0;0;
Faction-V2_25;;25;Mission-;500;;275;0;;;0;;0;125;340;360;0;Missions;true;0;0;
Faction-V2_26;;26;Mission-;520;;280;0;;;0;;0;125;355;375;0;Missions;true;0;0;
Faction-V2_27;;27;Mission-;540;;285;0;;;0;;0;125;370;390;0;Missions;true;0;0;
Faction-V2_28;;28;Mission-;560;;290.00000000000006;0;;;0;;0;125;385;405;0;Missions;true;0;0;
Faction-V2_29;;29;Mission-;570;;295;0;;;0;;0;125;395;420;0;Missions;true;0;0;
Faction-V2_30;;30;Mission-;590;;300;0;;;0;;0;125;405;430;0;Missions;true;0;0;
Faction-V2_31;;31;Mission-;610;;305;0;;;0;;0;125;420;445;0;Missions;true;0;0;
Faction-V2_32;;32;Mission-;630;;310;0;;;0;;0;125;435;460;0;Missions;true;0;0;
Faction-V2_33;;33;Mission-;650;;315.00000000000006;0;;;0;;0;125;445;470;0;Missions;true;0;0;
Faction-V2_34;;34;Mission-;660;;320;0;;;0;;0;125;460;485;0;Missions;true;0;0;
Faction-V2_35;;35;Mission-;680;;325;0;;;0;;0;125;470;495;0;Missions;true;0;0;
Faction-V2_36;;36;Mission-;700;;330;0;;;0;;0;125;485;515;0;Missions;true;0;0;
Faction-V2_37;;37;Mission-;720;;335;0;;;0;;0;125;495;525;0;Missions;true;0;0;
Faction-V2_38;;38;Mission-;730;;340.00000000000006;0;;;0;;0;125;505;535;0;Missions;true;0;0;
Faction-V2_39;;39;Mission-;750;;345;0;;;0;;0;125;515;545;0;Missions;true;0;0;
Faction-V2_40;;40;Mission-;760;;350;0;;;0;;0;125;525;555;0;Missions;true;0;0;
Faction-V2_41;;41;Mission-;780;;355;0;;;0;;0;125;540;570;0;Missions;true;0;0;
Faction-V2_42;;42;Mission-;800;;360;0;;;0;;0;125;550;580;0;Missions;true;0;0;
Faction-V2_43;;43;Mission-;820;;365.00000000000006;0;;;0;;0;125;565;600;0;Missions;true;0;0;
Faction-V2_44;;44;Mission-;830;;370;0;;;0;;0;125;575;610;0;Missions;true;0;0;
Faction-V2_45;;45;Mission-;850;;375;0;;;0;;0;125;585;620;0;Missions;true;0;0;
Faction-V2_46;;46;Mission-;860;;380;0;;;0;;0;125;595;630;0;Missions;true;0;0;
Faction-V2_47;;47;Mission-;880;;385;0;;;0;;0;125;605;640;0;Missions;true;0;0;
Faction-V2_48;;48;Mission-;900;;390.00000000000006;0;;;0;;0;125;620;655;0;Missions;true;0;0;
Faction-V2_49;;49;Mission-;910;;395;0;;;0;;0;125;630;665;0;Missions;true;0;0;
Faction-V2_50;;50;Mission-;930;;400;0;;;0;;0;125;640;675;0;Missions;true;0;0;
Faction-V2_51;;51;Mission-;940;;405;0;;;0;;0;125;650;690;0;Missions;true;0;0;
Faction-V2_52;;52;Mission-;940;;410.00000000000006;0;;;0;;0;125;650;690;0;Missions;true;0;0;
Faction-V2_53;;53;Mission-;950;;415.00000000000006;0;;;0;;0;125;655;695;0;Missions;true;0;0;
Faction-V2_54;;54;Mission-;950;;420;0;;;0;;0;125;655;695;0;Missions;true;0;0;
Faction-V2_55;;55;Mission-;950;;425;0;;;0;;0;125;655;695;0;Missions;true;0;0;
Faction-V2_56;;56;Mission-;960;;430;0;;;0;;0;125;665;705;0;Missions;true;0;0;
Faction-V2_57;;57;Mission-;1000;;435.00000000000006;0;;;0;;0;125;690;730;0;Missions;true;0;0;
Faction-V2_58;;58;Mission-;1030;;440.00000000000006;0;;;0;;0;125;710;750;0;Missions;true;0;0;
Faction-V2_59;;59;Mission-;1070;;445;0;;;0;;0;125;735;780;0;Missions;true;0;0;
Faction-V2_60;;60;Mission-;1200;;450;0;;;0;;0;125;830;880;0;Missions;true;0;0;
Faction-V2_61;;61;Mission-;1240;;455;0;;;0;;0;125;860;910;0;Missions;true;0;0;
Faction-V2_62;;62;Mission-;1280;;460.00000000000006;0;;;0;;0;125;885;935;0;Missions;true;0;0;
Faction-V2_63;;63;Mission-;1320;;465.00000000000006;0;;;0;;0;125;915;970;0;Missions;true;0;0;
Faction-V2_64;;64;Mission-;1360;;470;0;;;0;;0;125;940;995;0;Missions;true;0;0;
Faction-V2_65;;65;Mission-;1400;;475;0;;;0;;0;125;970;1025;0;Missions;true;0;0;
Faction+V2_1;;1;Mission+;150;;775;0;;;0;;0;375;75;85;0;Missions;true;0;0;
Faction+V2_2;;2;Mission+;150;;800;0;;;0;;0;375;75;85;0;Missions;true;0;0;
Faction+V2_3;;3;Mission+;150;;825;0;;;0;;0;375;75;85;0;Missions;true;0;0;
Faction+V2_4;;4;Mission+;150;;850;0;;;0;;0;375;75;85;0;Missions;true;0;0;
Faction+V2_5;;5;Mission+;160;;875;0;;;0;;0;375;80;90;0;Missions;true;0;0;
Faction+V2_6;;6;Mission+;200;;900;0;;;0;;0;375;100;110;0;Missions;true;0;0;
Faction+V2_7;;7;Mission+;240;;925;0;;;0;;0;375;120;135;0;Missions;true;0;0;
Faction+V2_8;;8;Mission+;300;;950;0;;;0;;0;375;150;170;0;Missions;true;0;0;
Faction+V2_9;;9;Mission+;350;;975;0;;;0;;0;375;175;195;0;Missions;true;0;0;
Faction+V2_10;;10;Mission+;390;;1000;0;;;0;;0;375;195;220;0;Missions;true;0;0;
Faction+V2_11;;11;Mission+;460;;1025;0;;;0;;0;375;230;260;0;Missions;true;0;0;
Faction+V2_12;;12;Mission+;480;;1050;0;;;0;;0;375;240;270;0;Missions;true;0;0;
Faction+V2_13;;13;Mission+;480;;1075;0;;;0;;0;375;240;270;0;Missions;true;0;0;
Faction+V2_14;;14;Mission+;510;;1100;0;;;0;;0;375;255;285;0;Missions;true;0;0;
Faction+V2_15;;15;Mission+;520;;1125;0;;;0;;0;375;260;290;0;Missions;true;0;0;
Faction+V2_16;;16;Mission+;560;;1150;0;;;0;;0;375;280;315;0;Missions;true;0;0;
Faction+V2_17;;17;Mission+;600;;1175;0;;;0;;0;375;300;335;0;Missions;true;0;0;
Faction+V2_18;;18;Mission+;650;;1200;0;;;0;;0;375;325;365;0;Missions;true;0;0;
Faction+V2_19;;19;Mission+;690;;1225;0;;;0;;0;375;345;385;0;Missions;true;0;0;
Faction+V2_20;;20;Mission+;720;;1250;0;;;0;;0;375;360;405;0;Missions;true;0;0;
Faction+V2_21;;21;Mission+;770;;1275;0;;;0;;0;375;385;430;0;Missions;true;0;0;
Faction+V2_22;;22;Mission+;810;;1300;0;;;0;;0;375;405;455;0;Missions;true;0;0;
Faction+V2_23;;23;Mission+;850;;1325;0;;;0;;0;375;425;475;0;Missions;true;0;0;
Faction+V2_24;;24;Mission+;890;;1350;0;;;0;;0;375;445;500;0;Missions;true;0;0;
Faction+V2_25;;25;Mission+;930;;1375;0;;;0;;0;375;465;520;0;Missions;true;0;0;
Faction+V2_26;;26;Mission+;960;;1400;0;;;0;;0;375;480;540;0;Missions;true;0;0;
Faction+V2_27;;27;Mission+;1000;;1425;0;;;0;;0;375;500;560;0;Missions;true;0;0;
Faction+V2_28;;28;Mission+;1040;;1450;0;;;0;;0;375;520;585;0;Missions;true;0;0;
Faction+V2_29;;29;Mission+;1070;;1475;0;;;0;;0;375;535;600;0;Missions;true;0;0;
Faction+V2_30;;30;Mission+;1100;;1500;0;;;0;;0;375;550;615;0;Missions;true;0;0;
Faction+V2_31;;31;Mission+;1140;;1525;0;;;0;;0;375;570;640;0;Missions;true;0;0;
Faction+V2_32;;32;Mission+;1170;;1550;0;;;0;;0;375;585;655;0;Missions;true;0;0;
Faction+V2_33;;33;Mission+;1210;;1575;0;;;0;;0;375;605;680;0;Missions;true;0;0;
Faction+V2_34;;34;Mission+;1240;;1600;0;;;0;;0;375;620;695;0;Missions;true;0;0;
Faction+V2_35;;35;Mission+;1270;;1625;0;;;0;;0;375;635;710;0;Missions;true;0;0;
Faction+V2_36;;36;Mission+;1310;;1650;0;;;0;;0;375;655;735;0;Missions;true;0;0;
Faction+V2_37;;37;Mission+;1340;;1675;0;;;0;;0;375;670;750;0;Missions;true;0;0;
Faction+V2_38;;38;Mission+;1370;;1700;0;;;0;;0;375;685;770;0;Missions;true;0;0;
Faction+V2_39;;39;Mission+;1400;;1725;0;;;0;;0;375;700;785;0;Missions;true;0;0;
Faction+V2_40;;40;Mission+;1430;;1750;0;;;0;;0;375;715;800;0;Missions;true;0;0;
Faction+V2_41;;41;Mission+;1470;;1775;0;;;0;;0;375;735;825;0;Missions;true;0;0;
Faction+V2_42;;42;Mission+;1500;;1800;0;;;0;;0;375;750;840;0;Missions;true;0;0;
Faction+V2_43;;43;Mission+;1530;;1825;0;;;0;;0;375;765;860;0;Missions;true;0;0;
Faction+V2_44;;44;Mission+;1560;;1850;0;;;0;;0;375;780;875;0;Missions;true;0;0;
Faction+V2_45;;45;Mission+;1590;;1875;0;;;0;;0;375;795;890;0;Missions;true;0;0;
Faction+V2_46;;46;Mission+;1620;;1900;0;;;0;;0;375;810;910;0;Missions;true;0;0;
Faction+V2_47;;47;Mission+;1650;;1925;0;;;0;;0;375;825;925;0;Missions;true;0;0;
Faction+V2_48;;48;Mission+;1680;;1950;0;;;0;;0;375;840;940;0;Missions;true;0;0;
Faction+V2_49;;49;Mission+;1710;;1975;0;;;0;;0;375;855;960;0;Missions;true;0;0;
Faction+V2_50;;50;Mission+;1740;;2000;0;;;0;;0;375;870;975;0;Missions;true;0;0;
Faction+V2_51;;51;Mission+;1770;;2025;0;;;0;;0;375;885;990;0;Missions;true;0;0;
Faction+V2_52;;52;Mission+;1770;;2050;0;;;0;;0;375;885;990;0;Missions;true;0;0;
Faction+V2_53;;53;Mission+;1770;;2075;0;;;0;;0;375;885;990;0;Missions;true;0;0;
Faction+V2_54;;54;Mission+;1770;;2100;0;;;0;;0;375;885;990;0;Missions;true;0;0;
Faction+V2_55;;55;Mission+;1780;;2125;0;;;0;;0;375;890;1000;0;Missions;true;0;0;
Faction+V2_56;;56;Mission+;1800;;2150;0;;;0;;0;375;900;1010;0;Missions;true;0;0;
Faction+V2_57;;57;Mission+;1860;;2175;0;;;0;;0;375;930;1045;0;Missions;true;0;0;
Faction+V2_58;;58;Mission+;1930;;2200;0;;;0;;0;375;965;1080;0;Missions;true;0;0;
Faction+V2_59;;59;Mission+;2000;;2225;0;;;0;;0;375;1000;1120;0;Missions;true;0;0;
Faction+V2_60;;60;Mission+;2250;;2250;0;;;0;;0;375;1125;1260;0;Missions;true;0;0;
Faction+V2_61;;61;Mission+;2330;;2275;0;;;0;;0;375;1165;1305;0;Missions;true;0;0;
Faction+V2_62;;62;Mission+;2400;;2300;0;;;0;;0;375;1200;1345;0;Missions;true;0;0;
Faction+V2_63;;63;Mission+;2480;;2325;0;;;0;;0;375;1240;1390;0;Missions;true;0;0;
Faction+V2_64;;64;Mission+;2550;;2350;0;;;0;;0;375;1275;1430;0;Missions;true;0;0;
Faction+V2_65;;65;Mission+;2630;;2375;0;;;0;;0;375;1315;1475;0;Missions;true;0;0;
Faction++V2_1;;1;Mission++;200;;929.99999999999989;0;;;0;;0;375;95;100;0;Missions;true;0;0;
Faction++V2_2;;2;Mission++;200;;960;0;;;0;;0;375;95;100;0;Missions;true;0;0;
Faction++V2_3;;3;Mission++;200;;990;0;;;0;;0;375;95;100;0;Missions;true;0;0;
Faction++V2_4;;4;Mission++;200;;1019.9999999999999;0;;;0;;0;375;95;100;0;Missions;true;0;0;
Faction++V2_5;;5;Mission++;210;;1050;0;;;0;;0;375;100;105;0;Missions;true;0;0;
Faction++V2_6;;6;Mission++;260;;1080;0;;;0;;0;375;120;125;0;Missions;true;0;0;
Faction++V2_7;;7;Mission++;320;;1110;0;;;0;;0;375;150;155;0;Missions;true;0;0;
Faction++V2_8;;8;Mission++;390;;1140;0;;;0;;0;375;180;185;0;Missions;true;0;0;
Faction++V2_9;;9;Mission++;460;;1170;0;;;0;;0;375;210;220;0;Missions;true;0;0;
Faction++V2_10;;10;Mission++;520;;1200;0;;;0;;0;375;240;250;0;Missions;true;0;0;
Faction++V2_11;;11;Mission++;610;;1230;0;;;0;;0;375;280;290;0;Missions;true;0;0;
Faction++V2_12;;12;Mission++;630;;1260;0;;;0;;0;375;290;300;0;Missions;true;0;0;
Faction++V2_13;;13;Mission++;640;;1290;0;;;0;;0;375;295;305;0;Missions;true;0;0;
Faction++V2_14;;14;Mission++;670;;1320;0;;;0;;0;375;305;315;0;Missions;true;0;0;
Faction++V2_15;;15;Mission++;690;;1350;0;;;0;;0;375;315;325;0;Missions;true;0;0;
Faction++V2_16;;16;Mission++;740;;1380;0;;;0;;0;375;340;355;0;Missions;true;0;0;
Faction++V2_17;;17;Mission++;800;;1410;0;;;0;;0;375;365;380;0;Missions;true;0;0;
Faction++V2_18;;18;Mission++;860;;1439.9999999999998;0;;;0;;0;375;395;410;0;Missions;true;0;0;
Faction++V2_19;;19;Mission++;910;;1470;0;;;0;;0;375;415;430;0;Missions;true;0;0;
Faction++V2_20;;20;Mission++;960;;1500;0;;;0;;0;375;440;455;0;Missions;true;0;0;
Faction++V2_21;;21;Mission++;1020;;1530;0;;;0;;0;375;465;485;0;Missions;true;0;0;
Faction++V2_22;;22;Mission++;1080;;1560;0;;;0;;0;375;495;515;0;Missions;true;0;0;
Faction++V2_23;;23;Mission++;1130;;1589.9999999999998;0;;;0;;0;375;515;535;0;Missions;true;0;0;
Faction++V2_24;;24;Mission++;1180;;1620;0;;;0;;0;375;540;560;0;Missions;true;0;0;
Faction++V2_25;;25;Mission++;1230;;1650;0;;;0;;0;375;560;580;0;Missions;true;0;0;
Faction++V2_26;;26;Mission++;1280;;1680;0;;;0;;0;375;585;605;0;Missions;true;0;0;
Faction++V2_27;;27;Mission++;1330;;1709.9999999999998;0;;;0;;0;375;610;635;0;Missions;true;0;0;
Faction++V2_28;;28;Mission++;1380;;1739.9999999999998;0;;;0;;0;375;630;655;0;Missions;true;0;0;
Faction++V2_29;;29;Mission++;1420;;1770;0;;;0;;0;375;650;675;0;Missions;true;0;0;
Faction++V2_30;;30;Mission++;1460;;1800;0;;;0;;0;375;665;690;0;Missions;true;0;0;
Faction++V2_31;;31;Mission++;1510;;1830;0;;;0;;0;375;690;715;0;Missions;true;0;0;
Faction++V2_32;;32;Mission++;1560;;1859.9999999999998;0;;;0;;0;375;710;735;0;Missions;true;0;0;
Faction++V2_33;;33;Mission++;1610;;1889.9999999999998;0;;;0;;0;375;735;765;0;Missions;true;0;0;
Faction++V2_34;;34;Mission++;1650;;1920;0;;;0;;0;375;755;785;0;Missions;true;0;0;
Faction++V2_35;;35;Mission++;1690;;1950;0;;;0;;0;375;770;800;0;Missions;true;0;0;
Faction++V2_36;;36;Mission++;1740;;1980;0;;;0;;0;375;795;825;0;Missions;true;0;0;
Faction++V2_37;;37;Mission++;1780;;2009.9999999999998;0;;;0;;0;375;810;840;0;Missions;true;0;0;
Faction++V2_38;;38;Mission++;1820;;2039.9999999999998;0;;;0;;0;375;830;860;0;Missions;true;0;0;
Faction++V2_39;;39;Mission++;1860;;2070;0;;;0;;0;375;850;880;0;Missions;true;0;0;
Faction++V2_40;;40;Mission++;1900;;2100;0;;;0;;0;375;865;900;0;Missions;true;0;0;
Faction++V2_41;;41;Mission++;1950;;2130;0;;;0;;0;375;890;925;0;Missions;true;0;0;
Faction++V2_42;;42;Mission++;1990;;2160;0;;;0;;0;375;910;945;0;Missions;true;0;0;
Faction++V2_43;;43;Mission++;2030;;2190;0;;;0;;0;375;925;960;0;Missions;true;0;0;
Faction++V2_44;;44;Mission++;2070;;2220;0;;;0;;0;375;945;980;0;Missions;true;0;0;
Faction++V2_45;;45;Mission++;2110;;2250;0;;;0;;0;375;965;1000;0;Missions;true;0;0;
Faction++V2_46;;46;Mission++;2150;;2280;0;;;0;;0;375;980;1015;0;Missions;true;0;0;
Faction++V2_47;;47;Mission++;2190;;2310;0;;;0;;0;375;1000;1040;0;Missions;true;0;0;
Faction++V2_48;;48;Mission++;2230;;2340;0;;;0;;0;375;1015;1055;0;Missions;true;0;0;
Faction++V2_49;;49;Mission++;2270;;2370;0;;;0;;0;375;1035;1075;0;Missions;true;0;0;
Faction++V2_50;;50;Mission++;2310;;2400;0;;;0;;0;375;1055;1095;0;Missions;true;0;0;
Faction++V2_51;;51;Mission++;2350;;2430;0;;;0;;0;375;1070;1110;0;Missions;true;0;0;
Faction++V2_52;;52;Mission++;2350;;2460;0;;;0;;0;375;1070;1110;0;Missions;true;0;0;
Faction++V2_53;;53;Mission++;2360;;2490;0;;;0;;0;375;1075;1115;0;Missions;true;0;0;
Faction++V2_54;;54;Mission++;2360;;2520;0;;;0;;0;375;1075;1115;0;Missions;true;0;0;
Faction++V2_55;;55;Mission++;2370;;2550;0;;;0;;0;375;1080;1120;0;Missions;true;0;0;
Faction++V2_56;;56;Mission++;2390;;2580;0;;;0;;0;375;1090;1130;0;Missions;true;0;0;
Faction++V2_57;;57;Mission++;2480;;2610;0;;;0;;0;375;1130;1175;0;Missions;true;0;0;
Faction++V2_58;;58;Mission++;2570;;2640;0;;;0;;0;375;1170;1215;0;Missions;true;0;0;
Faction++V2_59;;59;Mission++;2660;;2670;0;;;0;;0;375;1215;1260;0;Missions;true;0;0;
Faction++V2_60;;60;Mission++;3000;;2700;0;;;0;;0;375;1365;1415;0;Missions;true;0;0;
Faction++V2_61;;61;Mission++;3100;;2730;0;;;0;;0;375;1415;1470;0;Missions;true;0;0;
Faction++V2_62;;62;Mission++;3200;;2760;0;;;0;;0;375;1460;1515;0;Missions;true;0;0;
Faction++V2_63;;63;Mission++;3300;;2790;0;;;0;;0;375;1505;1560;0;Missions;true;0;0;
Faction++V2_64;;64;Mission++;3400;;2820;0;;;0;;0;375;1550;1610;0;Missions;true;0;0;
Faction++V2_65;;65;Mission++;3500;;2850;0;;;0;;0;375;1595;1655;0;Missions;true;0;0;
PVPFactionV2_1;;1;MissionPvP;80;;464.99999999999994;0;;;0;;0;40;125;125;100;Missions;true;0;0;
PVPFactionV2_2;;2;MissionPvP;80;;480;0;;;0;;0;40;125;125;100;Missions;true;0;0;
PVPFactionV2_3;;3;MissionPvP;80;;495;0;;;0;;0;40;125;125;100;Missions;true;0;0;
PVPFactionV2_4;;4;MissionPvP;80;;509.99999999999994;0;;;0;;0;40;125;125;100;Missions;true;0;0;
PVPFactionV2_5;;5;MissionPvP;90;;525;0;;;0;;0;40;140;140;100;Missions;true;0;0;
PVPFactionV2_6;;6;MissionPvP;110;;540;0;;;0;;0;40;165;165;100;Missions;true;0;0;
PVPFactionV2_7;;7;MissionPvP;130;;555;0;;;0;;0;40;200;200;100;Missions;true;0;0;
PVPFactionV2_8;;8;MissionPvP;160;;570;0;;;0;;0;40;250;250;100;Missions;true;0;0;
PVPFactionV2_9;;9;MissionPvP;190;;585;0;;;0;;0;40;290;290;100;Missions;true;0;0;
PVPFactionV2_10;;10;MissionPvP;210;;600;0;;;0;;0;40;325;325;100;Missions;true;0;0;
PVPFactionV2_11;;11;MissionPvP;250;;615;0;;;0;;0;40;390;390;100;Missions;true;0;0;
PVPFactionV2_12;;12;MissionPvP;260;;630;0;;;0;;0;40;400;400;100;Missions;true;0;0;
PVPFactionV2_13;;13;MissionPvP;260;;645;0;;;0;;0;40;400;400;100;Missions;true;0;0;
PVPFactionV2_14;;14;MissionPvP;270;;660;0;;;0;;0;40;425;425;100;Missions;true;0;0;
PVPFactionV2_15;;15;MissionPvP;280;;675;0;;;0;;0;40;440;440;100;Missions;true;0;0;
PVPFactionV2_16;;16;MissionPvP;300;;690;0;;;0;;0;40;465;465;100;Missions;true;0;0;
PVPFactionV2_17;;17;MissionPvP;320;;705;0;;;0;;0;40;500;500;100;Missions;true;0;0;
PVPFactionV2_18;;18;MissionPvP;350;;719.99999999999989;0;;;0;;0;40;540;540;100;Missions;true;0;0;
PVPFactionV2_19;;19;MissionPvP;370;;735;0;;;0;;0;40;575;575;100;Missions;true;0;0;
PVPFactionV2_20;;20;MissionPvP;390;;750;0;;;0;;0;40;600;600;100;Missions;true;0;0;
PVPFactionV2_21;;21;MissionPvP;410;;765;0;;;0;;0;40;640;640;100;Missions;true;0;0;
PVPFactionV2_22;;22;MissionPvP;440;;780;0;;;0;;0;40;675;675;100;Missions;true;0;0;
PVPFactionV2_23;;23;MissionPvP;460;;794.99999999999989;0;;;0;;0;40;715;715;100;Missions;true;0;0;
PVPFactionV2_24;;24;MissionPvP;480;;810;0;;;0;;0;40;740;740;100;Missions;true;0;0;
PVPFactionV2_25;;25;MissionPvP;500;;825;0;;;0;;0;40;775;775;100;Missions;true;0;0;
PVPFactionV2_26;;26;MissionPvP;520;;840;0;;;0;;0;40;800;800;100;Missions;true;0;0;
PVPFactionV2_27;;27;MissionPvP;540;;854.99999999999989;0;;;0;;0;40;840;840;100;Missions;true;0;0;
PVPFactionV2_28;;28;MissionPvP;560;;869.99999999999989;0;;;0;;0;40;865;865;100;Missions;true;0;0;
PVPFactionV2_29;;29;MissionPvP;570;;885;0;;;0;;0;40;890;890;100;Missions;true;0;0;
PVPFactionV2_30;;30;MissionPvP;590;;900;0;;;0;;0;40;915;915;100;Missions;true;0;0;
PVPFactionV2_31;;31;MissionPvP;610;;915;0;;;0;;0;40;950;950;100;Missions;true;0;0;
PVPFactionV2_32;;32;MissionPvP;630;;929.99999999999989;0;;;0;;0;40;975;975;100;Missions;true;0;0;
PVPFactionV2_33;;33;MissionPvP;650;;944.99999999999989;0;;;0;;0;40;1015;1015;100;Missions;true;0;0;
PVPFactionV2_34;;34;MissionPvP;660;;960;0;;;0;;0;40;1040;1040;100;Missions;true;0;0;
PVPFactionV2_35;;35;MissionPvP;680;;975;0;;;0;;0;40;1065;1065;100;Missions;true;0;0;
PVPFactionV2_36;;36;MissionPvP;700;;990;0;;;0;;0;40;1090;1090;100;Missions;true;0;0;
PVPFactionV2_37;;37;MissionPvP;720;;1004.9999999999999;0;;;0;;0;40;1115;1115;100;Missions;true;0;0;
PVPFactionV2_38;;38;MissionPvP;730;;1019.9999999999999;0;;;0;;0;40;1140;1140;100;Missions;true;0;0;
PVPFactionV2_39;;39;MissionPvP;750;;1035;0;;;0;;0;40;1165;1165;100;Missions;true;0;0;
PVPFactionV2_40;;40;MissionPvP;760;;1050;0;;;0;;0;40;1190;1190;100;Missions;true;0;0;
PVPFactionV2_41;;41;MissionPvP;780;;1065;0;;;0;;0;40;1225;1225;100;Missions;true;0;0;
PVPFactionV2_42;;42;MissionPvP;800;;1080;0;;;0;;0;40;1250;1250;100;Missions;true;0;0;
PVPFactionV2_43;;43;MissionPvP;820;;1095;0;;;0;;0;40;1275;1275;100;Missions;true;0;0;
PVPFactionV2_44;;44;MissionPvP;830;;1110;0;;;0;;0;40;1300;1300;100;Missions;true;0;0;
PVPFactionV2_45;;45;MissionPvP;850;;1125;0;;;0;;0;40;1325;1325;100;Missions;true;0;0;
PVPFactionV2_46;;46;MissionPvP;860;;1140;0;;;0;;0;40;1350;1350;100;Missions;true;0;0;
PVPFactionV2_47;;47;MissionPvP;880;;1155;0;;;0;;0;40;1375;1375;100;Missions;true;0;0;
PVPFactionV2_48;;48;MissionPvP;900;;1170;0;;;0;;0;40;1400;1400;100;Missions;true;0;0;
PVPFactionV2_49;;49;MissionPvP;910;;1185;0;;;0;;0;40;1425;1425;100;Missions;true;0;0;
PVPFactionV2_50;;50;MissionPvP;930;;1200;0;;;0;;0;40;1450;1450;100;Missions;true;0;0;
PVPFactionV2_51;;51;MissionPvP;940;;1215;0;;;0;;0;40;1475;1475;100;Missions;true;0;0;
PVPFactionV2_52;;52;MissionPvP;940;;1230;0;;;0;;0;40;1475;1475;100;Missions;true;0;0;
PVPFactionV2_53;;53;MissionPvP;950;;1245;0;;;0;;0;40;1475;1475;100;Missions;true;0;0;
PVPFactionV2_54;;54;MissionPvP;950;;1260;0;;;0;;0;40;1475;1475;100;Missions;true;0;0;
PVPFactionV2_55;;55;MissionPvP;950;;1275;0;;;0;;0;40;1490;1490;100;Missions;true;0;0;
PVPFactionV2_56;;56;MissionPvP;960;;1290;0;;;0;;0;40;1500;1500;100;Missions;true;0;0;
PVPFactionV2_57;;57;MissionPvP;1000;;1305;0;;;0;;0;40;1550;1550;100;Missions;true;0;0;
PVPFactionV2_58;;58;MissionPvP;1030;;1320;0;;;0;;0;40;1615;1615;100;Missions;true;0;0;
PVPFactionV2_59;;59;MissionPvP;1070;;1335;0;;;0;;0;40;1665;1665;100;Missions;true;0;0;
PVPFactionV2_60;;60;MissionPvP;1200;;1350;0;;;0;;0;40;1875;1875;100;Missions;true;0;0;
PVPFaction-V2_1;;1;MissionPvP-;60;;155;0;;;0;;0;15;100;100;50;Missions;true;0;0;
PVPFaction-V2_2;;2;MissionPvP-;60;;160;0;;;0;;0;15;100;100;50;Missions;true;0;0;
PVPFaction-V2_3;;3;MissionPvP-;60;;165;0;;;0;;0;15;100;100;50;Missions;true;0;0;
PVPFaction-V2_4;;4;MissionPvP-;60;;170.00000000000003;0;;;0;;0;15;100;100;50;Missions;true;0;0;
PVPFaction-V2_5;;5;MissionPvP-;70;;175;0;;;0;;0;15;115;115;50;Missions;true;0;0;
PVPFaction-V2_6;;6;MissionPvP-;80;;180;0;;;0;;0;15;140;140;50;Missions;true;0;0;
PVPFaction-V2_7;;7;MissionPvP-;100;;185;0;;;0;;0;15;165;165;50;Missions;true;0;0;
PVPFaction-V2_8;;8;MissionPvP-;120;;190;0;;;0;;0;15;200;200;50;Missions;true;0;0;
PVPFaction-V2_9;;9;MissionPvP-;140;;195.00000000000003;0;;;0;;0;15;240;240;50;Missions;true;0;0;
PVPFaction-V2_10;;10;MissionPvP-;160;;200;0;;;0;;0;15;265;265;50;Missions;true;0;0;
PVPFaction-V2_11;;11;MissionPvP-;190;;205.00000000000003;0;;;0;;0;15;315;315;50;Missions;true;0;0;
PVPFaction-V2_12;;12;MissionPvP-;190;;210;0;;;0;;0;15;325;325;50;Missions;true;0;0;
PVPFaction-V2_13;;13;MissionPvP-;200;;215;0;;;0;;0;15;325;325;50;Missions;true;0;0;
PVPFaction-V2_14;;14;MissionPvP-;210;;220.00000000000003;0;;;0;;0;15;340;340;50;Missions;true;0;0;
PVPFaction-V2_15;;15;MissionPvP-;210;;225;0;;;0;;0;15;350;350;50;Missions;true;0;0;
PVPFaction-V2_16;;16;MissionPvP-;230;;230.00000000000003;0;;;0;;0;15;375;375;50;Missions;true;0;0;
PVPFaction-V2_17;;17;MissionPvP-;240;;235;0;;;0;;0;15;400;400;50;Missions;true;0;0;
PVPFaction-V2_18;;18;MissionPvP-;260;;240.00000000000003;0;;;0;;0;15;440;440;50;Missions;true;0;0;
PVPFaction-V2_19;;19;MissionPvP-;280;;245.00000000000003;0;;;0;;0;15;465;465;50;Missions;true;0;0;
PVPFaction-V2_20;;20;MissionPvP-;290;;250;0;;;0;;0;15;490;490;50;Missions;true;0;0;
PVPFaction-V2_21;;21;MissionPvP-;310;;255.00000000000003;0;;;0;;0;15;515;515;50;Missions;true;0;0;
PVPFaction-V2_22;;22;MissionPvP-;330;;260;0;;;0;;0;15;550;550;50;Missions;true;0;0;
PVPFaction-V2_23;;23;MissionPvP-;340;;265.00000000000006;0;;;0;;0;15;575;575;50;Missions;true;0;0;
PVPFaction-V2_24;;24;MissionPvP-;360;;270;0;;;0;;0;15;600;600;50;Missions;true;0;0;
PVPFaction-V2_25;;25;MissionPvP-;370;;275;0;;;0;;0;15;625;625;50;Missions;true;0;0;
PVPFaction-V2_26;;26;MissionPvP-;390;;280;0;;;0;;0;15;650;650;50;Missions;true;0;0;
PVPFaction-V2_27;;27;MissionPvP-;400;;285;0;;;0;;0;15;675;675;50;Missions;true;0;0;
PVPFaction-V2_28;;28;MissionPvP-;420;;290.00000000000006;0;;;0;;0;15;700;700;50;Missions;true;0;0;
PVPFaction-V2_29;;29;MissionPvP-;430;;295;0;;;0;;0;15;715;715;50;Missions;true;0;0;
PVPFaction-V2_30;;30;MissionPvP-;440;;300;0;;;0;;0;15;740;740;50;Missions;true;0;0;
PVPFaction-V2_31;;31;MissionPvP-;460;;305;0;;;0;;0;15;765;765;50;Missions;true;0;0;
PVPFaction-V2_32;;32;MissionPvP-;470;;310;0;;;0;;0;15;790;790;50;Missions;true;0;0;
PVPFaction-V2_33;;33;MissionPvP-;490;;315.00000000000006;0;;;0;;0;15;815;815;50;Missions;true;0;0;
PVPFaction-V2_34;;34;MissionPvP-;500;;320;0;;;0;;0;15;825;825;50;Missions;true;0;0;
PVPFaction-V2_35;;35;MissionPvP-;510;;325;0;;;0;;0;15;850;850;50;Missions;true;0;0;
PVPFaction-V2_36;;36;MissionPvP-;530;;330;0;;;0;;0;15;875;875;50;Missions;true;0;0;
PVPFaction-V2_37;;37;MissionPvP-;540;;335;0;;;0;;0;15;900;900;50;Missions;true;0;0;
PVPFaction-V2_38;;38;MissionPvP-;550;;340.00000000000006;0;;;0;;0;15;915;915;50;Missions;true;0;0;
PVPFaction-V2_39;;39;MissionPvP-;560;;345;0;;;0;;0;15;940;940;50;Missions;true;0;0;
PVPFaction-V2_40;;40;MissionPvP-;570;;350;0;;;0;;0;15;950;950;50;Missions;true;0;0;
PVPFaction-V2_41;;41;MissionPvP-;590;;355;0;;;0;;0;15;975;975;50;Missions;true;0;0;
PVPFaction-V2_42;;42;MissionPvP-;600;;360;0;;;0;;0;15;1000;1000;50;Missions;true;0;0;
PVPFaction-V2_43;;43;MissionPvP-;610;;365.00000000000006;0;;;0;;0;15;1025;1025;50;Missions;true;0;0;
PVPFaction-V2_44;;44;MissionPvP-;630;;370;0;;;0;;0;15;1040;1040;50;Missions;true;0;0;
PVPFaction-V2_45;;45;MissionPvP-;640;;375;0;;;0;;0;15;1065;1065;50;Missions;true;0;0;
PVPFaction-V2_46;;46;MissionPvP-;650;;380;0;;;0;;0;15;1075;1075;50;Missions;true;0;0;
PVPFaction-V2_47;;47;MissionPvP-;660;;385;0;;;0;;0;15;1100;1100;50;Missions;true;0;0;
PVPFaction-V2_48;;48;MissionPvP-;670;;390.00000000000006;0;;;0;;0;15;1125;1125;50;Missions;true;0;0;
PVPFaction-V2_49;;49;MissionPvP-;690;;395;0;;;0;;0;15;1140;1140;50;Missions;true;0;0;
PVPFaction-V2_50;;50;MissionPvP-;700;;400;0;;;0;;0;15;1165;1165;50;Missions;true;0;0;
PVPFaction-V2_51;;51;MissionPvP-;710;;405;0;;;0;;0;15;1175;1175;50;Missions;true;0;0;
PVPFaction-V2_52;;52;MissionPvP-;710;;410.00000000000006;0;;;0;;0;15;1175;1175;50;Missions;true;0;0;
PVPFaction-V2_53;;53;MissionPvP-;710;;415.00000000000006;0;;;0;;0;15;1190;1190;50;Missions;true;0;0;
PVPFaction-V2_54;;54;MissionPvP-;710;;420;0;;;0;;0;15;1190;1190;50;Missions;true;0;0;
PVPFaction-V2_55;;55;MissionPvP-;720;;425;0;;;0;;0;15;1190;1190;50;Missions;true;0;0;
PVPFaction-V2_56;;56;MissionPvP-;720;;430;0;;;0;;0;15;1200;1200;50;Missions;true;0;0;
PVPFaction-V2_57;;57;MissionPvP-;750;;435.00000000000006;0;;;0;;0;15;1250;1250;50;Missions;true;0;0;
PVPFaction-V2_58;;58;MissionPvP-;780;;440.00000000000006;0;;;0;;0;15;1290;1290;50;Missions;true;0;0;
PVPFaction-V2_59;;59;MissionPvP-;800;;445;0;;;0;;0;15;1340;1340;50;Missions;true;0;0;
PVPFaction-V2_60;;60;MissionPvP-;900;;450;0;;;0;;0;15;1500;1500;50;Missions;true;0;0;
PVPFaction+V2_1;;1;MissionPvP+;100;;620;0;;;0;;0;75;150;150;200;Missions;true;0;0;
PVPFaction+V2_2;;2;MissionPvP+;100;;640;0;;;0;;0;75;150;150;200;Missions;true;0;0;
PVPFaction+V2_3;;3;MissionPvP+;100;;660;0;;;0;;0;75;150;150;200;Missions;true;0;0;
PVPFaction+V2_4;;4;MissionPvP+;100;;680.00000000000011;0;;;0;;0;75;150;150;200;Missions;true;0;0;
PVPFaction+V2_5;;5;MissionPvP+;110;;700;0;;;0;;0;75;165;165;200;Missions;true;0;0;
PVPFaction+V2_6;;6;MissionPvP+;130;;720;0;;;0;;0;75;200;200;200;Missions;true;0;0;
PVPFaction+V2_7;;7;MissionPvP+;160;;740;0;;;0;;0;75;250;250;200;Missions;true;0;0;
PVPFaction+V2_8;;8;MissionPvP+;200;;760;0;;;0;;0;75;300;300;200;Missions;true;0;0;
PVPFaction+V2_9;;9;MissionPvP+;230;;780.00000000000011;0;;;0;;0;75;350;350;200;Missions;true;0;0;
PVPFaction+V2_10;;10;MissionPvP+;260;;800;0;;;0;;0;75;400;400;200;Missions;true;0;0;
PVPFaction+V2_11;;11;MissionPvP+;310;;820.00000000000011;0;;;0;;0;75;465;465;200;Missions;true;0;0;
PVPFaction+V2_12;;12;MissionPvP+;320;;840;0;;;0;;0;75;475;475;200;Missions;true;0;0;
PVPFaction+V2_13;;13;MissionPvP+;320;;860;0;;;0;;0;75;490;490;200;Missions;true;0;0;
PVPFaction+V2_14;;14;MissionPvP+;340;;880.00000000000011;0;;;0;;0;75;515;515;200;Missions;true;0;0;
PVPFaction+V2_15;;15;MissionPvP+;350;;900;0;;;0;;0;75;525;525;200;Missions;true;0;0;
PVPFaction+V2_16;;16;MissionPvP+;370;;920.00000000000011;0;;;0;;0;75;565;565;200;Missions;true;0;0;
PVPFaction+V2_17;;17;MissionPvP+;400;;940;0;;;0;;0;75;600;600;200;Missions;true;0;0;
PVPFaction+V2_18;;18;MissionPvP+;430;;960.00000000000011;0;;;0;;0;75;650;650;200;Missions;true;0;0;
PVPFaction+V2_19;;19;MissionPvP+;460;;980.00000000000011;0;;;0;;0;75;690;690;200;Missions;true;0;0;
PVPFaction+V2_20;;20;MissionPvP+;480;;1000;0;;;0;;0;75;725;725;200;Missions;true;0;0;
PVPFaction+V2_21;;21;MissionPvP+;510;;1020.0000000000001;0;;;0;;0;75;775;775;200;Missions;true;0;0;
PVPFaction+V2_22;;22;MissionPvP+;540;;1040;0;;;0;;0;75;815;815;200;Missions;true;0;0;
PVPFaction+V2_23;;23;MissionPvP+;570;;1060.0000000000002;0;;;0;;0;75;850;850;200;Missions;true;0;0;
PVPFaction+V2_24;;24;MissionPvP+;590;;1080;0;;;0;;0;75;890;890;200;Missions;true;0;0;
PVPFaction+V2_25;;25;MissionPvP+;620;;1100;0;;;0;;0;75;925;925;200;Missions;true;0;0;
PVPFaction+V2_26;;26;MissionPvP+;640;;1120;0;;;0;;0;75;965;965;200;Missions;true;0;0;
PVPFaction+V2_27;;27;MissionPvP+;670;;1140;0;;;0;;0;75;1000;1000;200;Missions;true;0;0;
PVPFaction+V2_28;;28;MissionPvP+;690;;1160.0000000000002;0;;;0;;0;75;1040;1040;200;Missions;true;0;0;
PVPFaction+V2_29;;29;MissionPvP+;710;;1180;0;;;0;;0;75;1075;1075;200;Missions;true;0;0;
PVPFaction+V2_30;;30;MissionPvP+;730;;1200;0;;;0;;0;75;1100;1100;200;Missions;true;0;0;
PVPFaction+V2_31;;31;MissionPvP+;760;;1220;0;;;0;;0;75;1140;1140;200;Missions;true;0;0;
PVPFaction+V2_32;;32;MissionPvP+;780;;1240;0;;;0;;0;75;1175;1175;200;Missions;true;0;0;
PVPFaction+V2_33;;33;MissionPvP+;810;;1260.0000000000002;0;;;0;;0;75;1215;1215;200;Missions;true;0;0;
PVPFaction+V2_34;;34;MissionPvP+;830;;1280;0;;;0;;0;75;1240;1240;200;Missions;true;0;0;
PVPFaction+V2_35;;35;MissionPvP+;850;;1300;0;;;0;;0;75;1275;1275;200;Missions;true;0;0;
PVPFaction+V2_36;;36;MissionPvP+;870;;1320;0;;;0;;0;75;1315;1315;200;Missions;true;0;0;
PVPFaction+V2_37;;37;MissionPvP+;890;;1340;0;;;0;;0;75;1340;1340;200;Missions;true;0;0;
PVPFaction+V2_38;;38;MissionPvP+;910;;1360.0000000000002;0;;;0;;0;75;1375;1375;200;Missions;true;0;0;
PVPFaction+V2_39;;39;MissionPvP+;930;;1380;0;;;0;;0;75;1400;1400;200;Missions;true;0;0;
PVPFaction+V2_40;;40;MissionPvP+;950;;1400;0;;;0;;0;75;1425;1425;200;Missions;true;0;0;
PVPFaction+V2_41;;41;MissionPvP+;980;;1420;0;;;0;;0;75;1465;1465;200;Missions;true;0;0;
PVPFaction+V2_42;;42;MissionPvP+;1000;;1440;0;;;0;;0;75;1500;1500;200;Missions;true;0;0;
PVPFaction+V2_43;;43;MissionPvP+;1020;;1460.0000000000002;0;;;0;;0;75;1525;1525;200;Missions;true;0;0;
PVPFaction+V2_44;;44;MissionPvP+;1040;;1480;0;;;0;;0;75;1565;1565;200;Missions;true;0;0;
PVPFaction+V2_45;;45;MissionPvP+;1060;;1500;0;;;0;;0;75;1590;1590;200;Missions;true;0;0;
PVPFaction+V2_46;;46;MissionPvP+;1080;;1520;0;;;0;;0;75;1615;1615;200;Missions;true;0;0;
PVPFaction+V2_47;;47;MissionPvP+;1100;;1540;0;;;0;;0;75;1650;1650;200;Missions;true;0;0;
PVPFaction+V2_48;;48;MissionPvP+;1120;;1560.0000000000002;0;;;0;;0;75;1675;1675;200;Missions;true;0;0;
PVPFaction+V2_49;;49;MissionPvP+;1140;;1580;0;;;0;;0;75;1715;1715;200;Missions;true;0;0;
PVPFaction+V2_50;;50;MissionPvP+;1160;;1600;0;;;0;;0;75;1740;1740;200;Missions;true;0;0;
PVPFaction+V2_51;;51;MissionPvP+;1180;;1620;0;;;0;;0;75;1765;1765;200;Missions;true;0;0;
PVPFaction+V2_52;;52;MissionPvP+;1180;;1640.0000000000002;0;;;0;;0;75;1765;1765;200;Missions;true;0;0;
PVPFaction+V2_53;;53;MissionPvP+;1180;;1660.0000000000002;0;;;0;;0;75;1775;1775;200;Missions;true;0;0;
PVPFaction+V2_54;;54;MissionPvP+;1180;;1680;0;;;0;;0;75;1775;1775;200;Missions;true;0;0;
PVPFaction+V2_55;;55;MissionPvP+;1190;;1700;0;;;0;;0;75;1790;1790;200;Missions;true;0;0;
PVPFaction+V2_56;;56;MissionPvP+;1200;;1720;0;;;0;;0;75;1800;1800;200;Missions;true;0;0;
PVPFaction+V2_57;;57;MissionPvP+;1240;;1740.0000000000002;0;;;0;;0;75;1865;1865;200;Missions;true;0;0;
PVPFaction+V2_58;;58;MissionPvP+;1290;;1760.0000000000002;0;;;0;;0;75;1940;1940;200;Missions;true;0;0;
PVPFaction+V2_59;;59;MissionPvP+;1330;;1780;0;;;0;;0;75;2000;2000;200;Missions;true;0;0;
PVPFaction+V2_60;;60;MissionPvP+;1500;;1800;0;;;0;;0;75;2250;2250;200;Missions;true;0;0;
PVPMission_Success_R1_Sm;;15;MissionPvP-;210;;225;0;;;0;;0;15;80;80;50;Missions;true;0;0;
PVPMission_Success_R1_Md;;15;MissionPvP;280;;675;0;;;0;;0;40;120;120;100;Missions;true;0;0;
PVPMission_Success_R1_Lg;;15;MissionPvP+;350;;900;0;;;0;;0;75;200;200;200;Missions;true;0;0;
PVPMission_Success_R2_Sm;;30;MissionPvP-;440;;300;0;;;0;;0;15;120;120;50;Missions;true;0;0;
PVPMission_Success_R2_Md;;30;MissionPvP;590;;900;0;;;0;;0;40;180;180;100;Missions;true;0;0;
PVPMission_Success_R2_Lg;;30;MissionPvP+;730;;1200;0;;;0;;0;75;250;250;200;Missions;true;0;0;
PVPMission_Success_R3_Sm;;35;MissionPvP-;510;;325;0;;;0;;0;15;180;180;50;Missions;true;0;0;
PVPMission_Success_R3_Md;;35;MissionPvP;680;;975;0;;;0;;0;40;230;230;100;Missions;true;0;0;
PVPMission_Success_R3_Lg;;35;MissionPvP+;850;;1300;0;;;0;;0;75;300;300;200;Missions;true;0;0;
PVPMission_Success_R4_Sm;;42;MissionPvP-;600;;360;0;;;0;;0;15;230;230;50;Missions;true;0;0;
PVPMission_Success_R4_Md;;42;MissionPvP;800;;1080;0;;;0;;0;40;280;280;100;Missions;true;0;0;
PVPMission_Success_R4_Lg;;42;MissionPvP+;1000;;1440;0;;;0;;0;75;350;350;200;Missions;true;0;0;
PVPMission_Success_R5_Sm;;46;MissionPvP-;650;;380;0;;;0;;0;15;400;400;50;Missions;true;0;0;
PVPMission_Success_R5_Md;;46;MissionPvP;860;;1140;0;;;0;;0;40;450;450;100;Missions;true;0;0;
PVPMission_Success_R5_Lg;;46;MissionPvP+;1080;;1520;0;;;0;;0;75;500;500;200;Missions;true;0;0;
PVPMission_Success_R6_Sm;;60;MissionPvP-;900;;450;0;;;0;;0;15;400;400;50;Missions;true;0;0;
PVPMission_Success_R6_Md;;60;MissionPvP;1200;;1350;0;;;0;;0;40;450;450;100;Missions;true;0;0;
PVPMission_Success_R6_Lg;;60;MissionPvP+;1500;;1800;0;;;0;;0;75;500;500;200;Missions;true;0;0;
War_Kill_Minor;;0;;0;;;0;;;0;Battle_Token;2;;0;0;0;;true;0;0;
War_Kill_Major;;0;;0;;;0;;;0;Battle_Token;3;;0;0;0;;true;0;0;
War_Kill_Special;;0;;0;;;0;;;0;Battle_Token;5;;0;0;0;;true;0;0;
War_Assist_Minor;;0;;0;;;0;;;0;Battle_Token;1;;0;0;0;;true;0;0;
War_Assist_Major;;0;;0;;;0;;;0;Battle_Token;2;;0;0;0;;true;0;0;
War_Assist_Special;;0;;0;;;0;;;0;Battle_Token;3;;0;0;0;;true;0;0;
War_Heal;;0;;0;;;0;;;0;Battle_Token;1;;0;0;0;;true;0;0;
War_Repair;;0;;0;;;0;;;0;Battle_Token;5;;0;0;0;;true;0;0;
War_Reload;;0;;0;;;0;;;0;Battle_Token;3;;0;0;0;;true;0;0;
War_Battle_Token_Gen;;0;;0;;;0;;;0;Battle_Token;1;;0;0;0;;false;0;0;
War_Initial_Battle_Token_Reward;;0;;0;;;0;;;0;Battle_Token;50;;0;0;0;;true;0;0;
CMission_Success_1_Sm;;10;Project-;160;;120;0;;;0;;0;250;0;0;0;;true;0;0;
CMission_Success_1_Md;;10;Project;325;;250;0;;;0;;0;330;0;0;0;;true;0;0;
CMission_Success_1_Lg;;10;Project+;485;;330;0;;;0;;0;415;0;0;0;;true;0;0;
CMission_Success_2_Sm;;20;Project-;650;;470;0;;;0;;0;500;0;0;0;;true;0;0;
CMission_Success_2_Md;;20;Project;800;;520;0;;;0;;0;580;0;0;0;;true;0;0;
CMission_Success_2_Lg;;20;Project+;960;;650;0;;;0;;0;660;0;0;0;;true;0;0;
CMission_Success_3_Sm;;30;Project-;1120;;790;0;;;0;;0;750;0;0;0;;true;0;0;
CMission_Success_3_Md;;30;Project;1280;;840;0;;;0;;0;830;0;0;0;;true;0;0;
CMission_Success_3_Lg;;30;Project+;1460;;900;0;;;0;;0;915;0;0;0;;true;0;0;
CMission_Failure;;0;;0;;;0;;;0;;0;;0;0;0;;true;0;0;
CMission_Success_Gather_RawT2_Small;;7;CMission_raw-;320;;110.99999999999999;0;;;0;;0;250;0;0;0;;true;0;0;
CMission_Success_Gather_RawT2_Med;;8;CMission_raw;590;;304;0;;;0;;0;500;0;0;0;;true;0;0;
CMission_Success_Gather_RawT2_Large;;8;CMission_raw+;780;;570;0;;;0;;0;750;0;0;0;;true;0;0;
CMission_Success_Gather_RawT3_Small;;15;CMission_raw-;690;;135;0;;;0;;0;250;0;0;0;;true;0;0;
CMission_Success_Gather_RawT3_Med;;15;CMission_raw;1040;;360;0;;;0;;0;500;0;0;0;;true;0;0;
CMission_Success_Gather_RawT3_Large;;15;CMission_raw+;1380;;675;0;;;0;;0;750;0;0;0;;true;0;0;
CMission_Success_Gather_RawT4_Small;;30;CMission_raw-;1460;;179.99999999999997;0;;;0;;0;250;0;0;0;;true;0;0;
CMission_Success_Gather_RawT4_Med;;30;CMission_raw;2190;;480;0;;;0;;0;500;0;0;0;;true;0;0;
CMission_Success_Gather_RawT4_Large;;30;CMission_raw+;2920;;900;0;;;0;;0;750;0;0;0;;true;0;0;
CMission_Success_Gather_RawT5_Small;;45;CMission_raw-;2110;;225;0;;;0;;0;250;0;0;0;;true;0;0;
CMission_Success_Gather_RawT5_Med;;45;CMission_raw;3170;;600;0;;;0;;0;500;0;0;0;;true;0;0;
CMission_Success_Gather_RawT5_Large;;45;CMission_raw+;4220;;1125;0;;;0;;0;750;0;0;0;;true;0;0;
CMission_Success_Gather_RefinedT2_Small;;6;CMission_refined-;520;;108;0;;;0;;0;250;0;0;0;;true;0;0;
CMission_Success_Gather_RefinedT2_Med;;6;CMission_refined;780;;288;0;;;0;;0;500;0;0;0;;true;0;0;
CMission_Success_Gather_RefinedT2_Large;;6;CMission_refined+;1300;;540;0;;;0;;0;750;0;0;0;;true;0;0;
CMission_Success_Gather_RefinedT3_Small;;15;CMission_refined-;1380;;135;0;;;0;;0;250;0;0;0;;true;0;0;
CMission_Success_Gather_RefinedT3_Med;;15;CMission_refined;2070;;360;0;;;0;;0;500;0;0;0;;true;0;0;
CMission_Success_Gather_RefinedT3_Large;;15;CMission_refined+;3450;;675;0;;;0;;0;750;0;0;0;;true;0;0;
CMission_Success_Gather_RefinedT4_Small;;30;CMission_refined-;2920;;179.99999999999997;0;;;0;;0;250;0;0;0;;true;0;0;
CMission_Success_Gather_RefinedT4_Med;;30;CMission_refined;4380;;480;0;;;0;;0;500;0;0;0;;true;0;0;
CMission_Success_Gather_RefinedT4_Large;;30;CMission_refined+;7300;;900;0;;;0;;0;750;0;0;0;;true;0;0;
CMission_Success_Gather_RefinedT5_Small;;45;CMission_refined-;4220;;225;0;;;0;;0;250;0;0;0;;true;0;0;
CMission_Success_Gather_RefinedT5_Med;;45;CMission_refined;6330;;600;0;;;0;;0;500;0;0;0;;true;0;0;
CMission_Success_Gather_RefinedT5_Large;;45;CMission_refined+;10550;;1125;0;;;0;;0;750;0;0;0;;true;0;0;
CMission_Success_Kill_Wolf_Small;;15;CMission_Kill-;420;;135;0;;;0;;0;250;0;0;0;;true;0;0;
CMission_Success_Kill_Wolf_Med;;15;CMission_Kill;690;;360;0;;;0;;0;500;0;0;0;;true;0;0;
CMission_Success_Kill_Wolf_Large;;15;CMission_Kill+;1380;;675;0;;;0;;0;750;0;0;0;;true;0;0;
CMission_Success_Kill_Elk_Small;;15;CMission_Kill-;420;;135;0;;;0;;0;250;0;0;0;;true;0;0;
CMission_Success_Kill_Elk_Med;;15;CMission_Kill;690;;360;0;;;0;;0;500;0;0;0;;true;0;0;
CMission_Success_Kill_Elk_Large;;15;CMission_Kill+;1380;;675;0;;;0;;0;750;0;0;0;;true;0;0;
CMission_Success_Kill_Rabbit_Small;;15;CMission_Kill-;420;;135;0;;;0;;0;250;0;0;0;;true;0;0;
CMission_Success_Kill_Rabbit_Med;;15;CMission_Kill;690;;360;0;;;0;;0;500;0;0;0;;true;0;0;
CMission_Success_Kill_Rabbit_Large;;15;CMission_Kill+;1380;;675;0;;;0;;0;750;0;0;0;;true;0;0;
CMission_Success_Kill_Turket_Small;;15;CMission_Kill-;420;;135;0;;;0;;0;250;0;0;0;;true;0;0;
CMission_Success_Kill_Turket_Med;;15;CMission_Kill;690;;360;0;;;0;;0;500;0;0;0;;true;0;0;
CMission_Success_Kill_Turket_Large;;15;CMission_Kill+;1380;;675;0;;;0;;0;750;0;0;0;;true;0;0;
CMission_Success_Kill_Boar_Small;;15;CMission_Kill-;420;;135;0;;;0;;0;250;0;0;0;;true;0;0;
CMission_Success_Kill_Boar_Med;;15;CMission_Kill;690;;360;0;;;0;;0;500;0;0;0;;true;0;0;
CMission_Success_Kill_Boar_Large;;15;CMission_Kill+;1380;;675;0;;;0;;0;750;0;0;0;;true;0;0;
CMission_Success_Kill_Sheep_Small;;15;CMission_Kill-;420;;135;0;;;0;;0;250;0;0;0;;true;0;0;
CMission_Success_Kill_Sheep_Med;;15;CMission_Kill;690;;360;0;;;0;;0;500;0;0;0;;true;0;0;
CMission_Success_Kill_Sheep_Large;;15;CMission_Kill+;1380;;675;0;;;0;;0;750;0;0;0;;true;0;0;
CMission_Success_Kill_Goat_Small;;15;CMission_Kill-;420;;135;0;;;0;;0;250;0;0;0;;true;0;0;
CMission_Success_Kill_Goat_Med;;15;CMission_Kill;690;;360;0;;;0;;0;500;0;0;0;;true;0;0;
CMission_Success_Kill_Goat_Large;;15;CMission_Kill+;1380;;675;0;;;0;;0;750;0;0;0;;true;0;0;
CMission_Success_Kill_Bison_Small;;15;CMission_Kill-;420;;135;0;;;0;;0;250;0;0;0;;true;0;0;
CMission_Success_Kill_Bison_Med;;15;CMission_Kill;690;;360;0;;;0;;0;500;0;0;0;;true;0;0;
CMission_Success_Kill_Bison_Large;;15;CMission_Kill+;1380;;675;0;;;0;;0;750;0;0;0;;true;0;0;
CMission_Success_Kill_Lynx_Small;;15;CMission_Kill-;420;;135;0;;;0;;0;250;0;0;0;;true;0;0;
CMission_Success_Kill_Lynx_Med;;15;CMission_Kill;690;;360;0;;;0;;0;500;0;0;0;;true;0;0;
CMission_Success_Kill_Lynx_Large;;15;CMission_Kill+;1380;;675;0;;;0;;0;750;0;0;0;;true;0;0;
CMission_Success_Kill_Alligator_Small;;15;CMission_Kill-;420;;135;0;;;0;;0;250;0;0;0;;true;0;0;
CMission_Success_Kill_Alligator_Med;;15;CMission_Kill;690;;360;0;;;0;;0;500;0;0;0;;true;0;0;
CMission_Success_Kill_Alligator_Large;;15;CMission_Kill+;1380;;675;0;;;0;;0;750;0;0;0;;true;0;0;
CMission_Success_Kill_Bear_Small;;15;CMission_Kill-;420;;135;0;;;0;;0;250;0;0;0;;true;0;0;
CMission_Success_Kill_Bear_Med;;15;CMission_Kill;690;;360;0;;;0;;0;500;0;0;0;;true;0;0;
CMission_Success_Kill_Bear_Large;;15;CMission_Kill+;1380;;675;0;;;0;;0;750;0;0;0;;true;0;0;
CMission_Success_Kill_Generic_Small;;15;CMission_Kill-;420;;135;0;;;0;;0;250;0;0;0;;true;0;0;
CMission_Success_Kill_Generic_Med;;15;CMission_Kill;690;;360;0;;;0;;0;500;0;0;0;;true;0;0;
CMission_Success_Kill_Generic_Large;;15;CMission_Kill+;1380;;675;0;;;0;;0;750;0;0;0;;true;0;0;
CMission_Success_Crafting_GearT2_Small;;8;Cmission_CraftingGear-;390;;113.99999999999999;0;;;0;;0;250;0;0;0;;true;0;0;
CMission_Success_Crafting_GearT2_Med;;8;Cmission_CraftingGear;780;;304;0;;;0;;0;500;0;0;0;;true;0;0;
CMission_Success_Crafting_GearT2_Large;;8;Cmission_CraftingGear+;1170;;570;0;;;0;;0;750;0;0;0;;true;0;0;
CMission_Success_Crafting_GearT3_Small;;12;Cmission_CraftingGear-;630;;126;0;;;0;;0;250;0;0;0;;true;0;0;
CMission_Success_Crafting_GearT3_Med;;12;Cmission_CraftingGear;1260;;336;0;;;0;;0;500;0;0;0;;true;0;0;
CMission_Success_Crafting_GearT3_Large;;12;Cmission_CraftingGear+;1890;;630;0;;;0;;0;750;0;0;0;;true;0;0;
CMission_Success_Crafting_GearT4_Small;;25;Cmission_CraftingGear-;1230;;165;0;;;0;;0;250;0;0;0;;true;0;0;
CMission_Success_Crafting_GearT4_Med;;25;Cmission_CraftingGear;2460;;440.00000000000006;0;;;0;;0;500;0;0;0;;true;0;0;
CMission_Success_Crafting_GearT4_Large;;25;Cmission_CraftingGear+;3690;;825;0;;;0;;0;750;0;0;0;;true;0;0;
CMission_Success_Crafting_GearT5_Small;;35;Cmission_CraftingGear-;1690;;195;0;;;0;;0;250;0;0;0;;true;0;0;
CMission_Success_Crafting_GearT5_Med;;35;Cmission_CraftingGear;3380;;520;0;;;0;;0;500;0;0;0;;true;0;0;
CMission_Success_Crafting_GearT5_Large;;35;Cmission_CraftingGear+;5070;;975;0;;;0;;0;750;0;0;0;;true;0;0;
CMission_Success_Crafting_ProvisionT1_Small;;8;Cmission_CraftingProvision&#45;-;200;;113.99999999999999;0;;;0;;0;250;0;0;0;;true;0;0;
CMission_Success_Crafting_ProvisionT1_Med;;8;Cmission_CraftingProvision-;300;;113.99999999999999;0;;;0;;0;250;0;0;0;;true;0;0;
CMission_Success_Crafting_ProvisionT1_Large;;8;Cmission_CraftingProvision;590;;304;0;;;0;;0;500;0;0;0;;true;0;0;
CMission_Success_Crafting_ProvisionT2_Small;;10;Cmission_CraftingProvision-;390;;120;0;;;0;;0;250;0;0;0;;true;0;0;
CMission_Success_Crafting_ProvisionT2_Med;;10;Cmission_CraftingProvision;780;;320;0;;;0;;0;500;0;0;0;;true;0;0;
CMission_Success_Crafting_ProvisionT2_Large;;10;Cmission_CraftingProvision+;1040;;600;0;;;0;;0;750;0;0;0;;true;0;0;
CMission_Success_Crafting_ProvisionT3_Small;;15;Cmission_CraftingProvision-;520;;135;0;;;0;;0;250;0;0;0;;true;0;0;
CMission_Success_Crafting_ProvisionT3_Med;;15;Cmission_CraftingProvision;1040;;360;0;;;0;;0;500;0;0;0;;true;0;0;
CMission_Success_Crafting_ProvisionT3_Large;;15;Cmission_CraftingProvision+;1380;;675;0;;;0;;0;750;0;0;0;;true;0;0;
CMission_Success_Crafting_ProvisionT4_Small;;30;Cmission_CraftingProvision-;1100;;179.99999999999997;0;;;0;;0;250;0;0;0;;true;0;0;
CMission_Success_Crafting_ProvisionT4_Med;;30;Cmission_CraftingProvision;2190;;480;0;;;0;;0;500;0;0;0;;true;0;0;
CMission_Success_Crafting_ProvisionT4_Large;;30;Cmission_CraftingProvision+;2920;;900;0;;;0;;0;750;0;0;0;;true;0;0;
CMission_Success_Crafting_ProvisionT5_Small;;45;Cmission_CraftingProvision-;1590;;225;0;;;0;;0;250;0;0;0;;true;0;0;
CMission_Success_Crafting_ProvisionT5_Med;;45;Cmission_CraftingProvision;3170;;600;0;;;0;;0;500;0;0;0;;true;0;0;
CMission_Success_Crafting_ProvisionT5_Large;;45;Cmission_CraftingProvision+;4220;;1125;0;;;0;;0;750;0;0;0;;true;0;0;
CMission_Success_Quest_Brightwood_02;;25;Cmission_Quest;740;;440.00000000000006;0;;;0;;0;500;0;0;0;;true;0;0;
CMission_Success_Quest_GreatCleave_03;;45;Cmission_Quest;1270;;600;0;;;0;;0;500;0;0;0;;true;0;0;
CMission_Success_Quest_Everfall_04;;20;Cmission_Quest;580;;400;0;;;0;;0;500;0;0;0;;true;0;0;
CMission_Success_Quest_Reekwater_05;;55;Cmission_Quest;1430;;680;0;;;0;;0;500;0;0;0;;true;0;0;
CMission_Success_Quest_Windsward_06;;20;Cmission_Quest;580;;400;0;;;0;;0;500;0;0;0;;true;0;0;
CMission_Success_Quest_ShatteredMountain_07;;55;Cmission_Quest;1430;;680;0;;;0;;0;500;0;0;0;;true;0;0;
CMission_Success_Quest_Queensport_08;;55;Cmission_Quest;1430;;680;0;;;0;;0;500;0;0;0;;true;0;0;
CMission_Success_Quest_FirstLIght_09;;20;Cmission_Quest;580;;400;0;;;0;;0;500;0;0;0;;true;0;0;
CMission_Success_Quest_CutlassKeys_10;;25;Cmission_Quest;740;;440.00000000000006;0;;;0;;0;500;0;0;0;;true;0;0;
CMission_Success_Quest_Mourningdale_11;;45;Cmission_Quest;1270;;600;0;;;0;;0;500;0;0;0;;true;0;0;
CMission_Success_Quest_MonarchsBluffs_12;;20;Cmission_Quest;580;;400;0;;;0;;0;500;0;0;0;;true;0;0;
CMission_Success_Quest_WeaversFen_13;;35;Cmission_Quest;1020;;520;0;;;0;;0;500;0;0;0;;true;0;0;
CMission_Success_Quest_Edengrove_14;;55;Cmission_Quest;1430;;680;0;;;0;;0;500;0;0;0;;true;0;0;
CMission_Success_Quest_RestlessShore_15;;45;Cmission_Quest;1270;;600;0;;;0;;0;500;0;0;0;;true;0;0;
CMission_Success_BlacksmithProjectId;;20;Quest;960;;6250;0;;;0;;0;175;0;0;0;;true;10;1;
CMission_Success_BlacksmithProjectId2;;30;Quest;1460;;7500;0;;;0;;0;175;0;0;0;;true;10;1;
CMission_Success_BlacksmithProjectId3;;40;Quest;1900;;8750;0;;;0;;0;175;0;0;0;;true;10;1;
CMission_Failure_BlacksmithProjectId;;0;;0;;;0;;;0;;0;;0;0;0;;true;0;0;
CMission_Failure_BlacksmithProjectId2;;0;;0;;;0;;;0;;0;;0;0;0;;true;0;0;
CMission_Failure_BlacksmithProjectId3;;0;;0;;;0;;;0;;0;;0;0;0;;true;0;0;
CMission_Success_EngineeringProjectId;;20;Quest;960;;6250;0;;;0;;0;175;0;0;0;;true;10;1;
CMission_Success_EngineeringProjectId2;;30;Quest;1460;;7500;0;;;0;;0;175;0;0;0;;true;10;1;
CMission_Success_EngineeringProjectId3;;40;Quest;1900;;8750;0;;;0;;0;175;0;0;0;;true;10;1;
CMission_Failure_EngineeringProjectId;;0;;0;;;0;;;0;;0;;0;0;0;;true;0;0;
CMission_Failure_EngineeringProjectId2;;0;;0;;;0;;;0;;0;;0;0;0;;true;0;0;
CMission_Failure_EngineeringProjectId3;;0;;0;;;0;;;0;;0;;0;0;0;;true;0;0;
CMission_Success_OutfittingProjectId;;20;Quest;960;;6250;0;;;0;;0;175;0;0;0;;true;10;1;
CMission_Success_OutfittingProjectId2;;30;Quest;1460;;7500;0;;;0;;0;175;0;0;0;;true;10;1;
CMission_Success_OutfittingProjectId3;;40;Quest;1900;;8750;0;;;0;;0;175;0;0;0;;true;10;1;
CMission_Failure_OutfittingProjectId;;0;;0;;;0;;;0;;0;;0;0;0;;true;0;0;
CMission_Failure_OutfittingProjectId2;;0;;0;;;0;;;0;;0;;0;0;0;;true;0;0;
CMission_Failure_OutfittingProjectId3;;0;;0;;;0;;;0;;0;;0;0;0;;true;0;0;
CMission_Success_AlchemistProjectId;;20;Quest;960;;6250;0;;;0;;0;175;0;0;0;;true;10;1;
CMission_Success_AlchemistProjectId2;;30;Quest;1460;;7500;0;;;0;;0;175;0;0;0;;true;10;1;
CMission_Success_AlchemistProjectId3;;40;Quest;1900;;8750;0;;;0;;0;175;0;0;0;;true;10;1;
CMission_Failure_AlchemistProjectId;;0;;0;;;0;;;0;;0;;0;0;0;;true;0;0;
CMission_Failure_AlchemistProjectId2;;0;;0;;;0;;;0;;0;;0;0;0;;true;0;0;
CMission_Failure_AlchemistProjectId3;;0;;0;;;0;;;0;;0;;0;0;0;;true;0;0;
CMission_Success_CookingProjectId;;20;Quest;960;;6250;0;;;0;;0;175;0;0;0;;true;10;1;
CMission_Success_CookingProjectId2;;30;Quest;1460;;7500;0;;;0;;0;175;0;0;0;;true;10;1;
CMission_Success_CookingProjectId3;;40;Quest;1900;;8750;0;;;0;;0;175;0;0;0;;true;10;1;
CMission_Failure_CookingProjectId;;0;;0;;;0;;;0;;0;;0;0;0;;true;0;0;
CMission_Failure_CookingProjectId2;;0;;0;;;0;;;0;;0;;0;0;0;;true;0;0;
CMission_Failure_CookingProjectId3;;0;;0;;;0;;;0;;0;;0;0;0;;true;0;0;
CMission_Success_SmeltingProjectId;;20;Quest;960;;6250;0;;;0;;0;175;0;0;0;;true;10;1;
CMission_Success_SmeltingProjectId2;;30;Quest;1460;;7500;0;;;0;;0;175;0;0;0;;true;10;1;
CMission_Success_SmeltingProjectId3;;40;Quest;1900;;8750;0;;;0;;0;175;0;0;0;;true;10;1;
CMission_Failure_SmeltingProjectId;;0;;0;;;0;;;0;;0;;0;0;0;;true;0;0;
CMission_Failure_SmeltingProjectId2;;0;;0;;;0;;;0;;0;;0;0;0;;true;0;0;
CMission_Failure_SmeltingProjectId3;;0;;0;;;0;;;0;;0;;0;0;0;;true;0;0;
CMission_Success_CarpentryProjectId;;20;Quest;960;;6250;0;;;0;;0;175;0;0;0;;true;10;1;
CMission_Success_CarpentryProjectId2;;30;Quest;1460;;7500;0;;;0;;0;175;0;0;0;;true;10;1;
CMission_Success_CarpentryProjectId3;;40;Quest;1900;;8750;0;;;0;;0;175;0;0;0;;true;10;1;
CMission_Failure_CarpentryProjectId;;0;;0;;;0;;;0;;0;;0;0;0;;true;0;0;
CMission_Failure_CarpentryProjectId2;;0;;0;;;0;;;0;;0;;0;0;0;;true;0;0;
CMission_Failure_CarpentryProjectId3;;0;;0;;;0;;;0;;0;;0;0;0;;true;0;0;
CMission_Success_MasonryProjectId;;20;Quest;960;;6250;0;;;0;;0;175;0;0;0;;true;10;1;
CMission_Success_MasonryProjectId2;;30;Quest;1460;;7500;0;;;0;;0;175;0;0;0;;true;10;1;
CMission_Success_MasonryProjectId3;;40;Quest;1900;;8750;0;;;0;;0;175;0;0;0;;true;10;1;
CMission_Failure_MasonryProjectId;;0;;0;;;0;;;0;;0;;0;0;0;;true;0;0;
CMission_Failure_MasonryProjectId2;;0;;0;;;0;;;0;;0;;0;0;0;;true;0;0;
CMission_Failure_MasonryProjectId3;;0;;0;;;0;;;0;;0;;0;0;0;;true;0;0;
CMission_Success_WeavingProjectId;;20;Quest;960;;6250;0;;;0;;0;175;0;0;0;;true;10;1;
CMission_Success_WeavingProjectId2;;30;Quest;1460;;7500;0;;;0;;0;175;0;0;0;;true;10;1;
CMission_Success_WeavingProjectId3;;40;Quest;1900;;8750;0;;;0;;0;175;0;0;0;;true;10;1;
CMission_Failure_WeavingProjectId;;0;;0;;;0;;;0;;0;;0;0;0;;true;0;0;
CMission_Failure_WeavingProjectId2;;0;;0;;;0;;;0;;0;;0;0;0;;true;0;0;
CMission_Failure_WeavingProjectId3;;0;;0;;;0;;;0;;0;;0;0;0;;true;0;0;
CMission_Success_TanningProjectId;;20;Quest;960;;6250;0;;;0;;0;175;0;0;0;;true;10;1;
CMission_Success_TanningProjectId2;;30;Quest;1460;;7500;0;;;0;;0;175;0;0;0;;true;10;1;
CMission_Success_TanningProjectId3;;40;Quest;1900;;8750;0;;;0;;0;175;0;0;0;;true;10;1;
CMission_Failure_TanningProjectId;;0;;0;;;0;;;0;;0;;0;0;0;;true;0;0;
CMission_Failure_TanningProjectId2;;0;;0;;;0;;;0;;0;;0;0;0;;true;0;0;
CMission_Failure_TanningProjectId3;;0;;0;;;0;;;0;;0;;0;0;0;;true;0;0;
CMission_Success_FortGatesProjectId;;20;Quest;960;;6250;0;;;0;;0;175;0;0;0;;true;10;1;
CMission_Success_FortGatesProjectId2;;30;Quest;1460;;7500;0;;;0;;0;175;0;0;0;;true;10;1;
CMission_Success_FortGatesProjectId3;;40;Quest;1900;;8750;0;;;0;;0;175;0;0;0;;true;10;1;
CMission_Failure_FortGatesProjectId;;0;;0;;;0;;;0;;0;;0;0;0;;true;0;0;
CMission_Failure_FortGatesProjectId2;;0;;0;;;0;;;0;;0;;0;0;0;;true;0;0;
CMission_Failure_FortGatesProjectId3;;0;;0;;;0;;;0;;0;;0;0;0;;true;0;0;
CMission_Success_FortHardPointsProjectId;;20;Quest;960;;6250;0;;;0;;0;175;0;0;0;;true;10;1;
CMission_Success_FortHardPointsProjectId2;;30;Quest;1460;;7500;0;;;0;;0;175;0;0;0;;true;10;1;
CMission_Success_FortHardPointsProjectId3;;40;Quest;1900;;8750;0;;;0;;0;175;0;0;0;;true;10;1;
CMission_Failure_FortHardPointsProjectId;;0;;0;;;0;;;0;;0;;0;0;0;;true;0;0;
CMission_Failure_FortHardPointsProjectId2;;0;;0;;;0;;;0;;0;;0;0;0;;true;0;0;
CMission_Failure_FortHardPointsProjectId3;;0;;0;;;0;;;0;;0;;0;0;0;;true;0;0;
CMission_Success_BallistaUpgradeProjectId;;20;Quest;960;;6250;0;;;0;;0;175;0;0;0;;true;10;1;
CMission_Success_BallistaUpgradeProjectId2;;30;Quest;1460;;7500;0;;;0;;0;175;0;0;0;;true;10;1;
CMission_Failure_BallistaUpgradeProjectId;;0;;0;;;0;;;0;;0;;0;0;0;;true;0;0;
CMission_Failure_BallistaUpgradeProjectId2;;0;;0;;;0;;;0;;0;;0;0;0;;true;0;0;
CMission_Success_ExplosiveUpgradeProjectId;;20;Quest;960;;6250;0;;;0;;0;175;0;0;0;;true;10;1;
CMission_Success_ExplosiveUpgradeProjectId2;;30;Quest;1460;;7500;0;;;0;;0;175;0;0;0;;true;10;1;
CMission_Failure_ExplosiveUpgradeProjectId;;0;;0;;;0;;;0;;0;;0;0;0;;true;0;0;
CMission_Failure_ExplosiveUpgradeProjectId2;;0;;0;;;0;;;0;;0;;0;0;0;;true;0;0;
CMission_Success_HornUpgradeProjectId;;20;Quest;960;;6250;0;;;0;;0;175;0;0;0;;true;10;1;
CMission_Success_HornUpgradeProjectId2;;30;Quest;1460;;7500;0;;;0;;0;175;0;0;0;;true;10;1;
CMission_Failure_HornUpgradeProjectId;;0;;0;;;0;;;0;;0;;0;0;0;;true;0;0;
CMission_Failure_HornUpgradeProjectId2;;0;;0;;;0;;;0;;0;;0;0;0;;true;0;0;
CMission_Success_FireBarrelUpgradeProjectId;;20;Quest;960;;6250;0;;;0;;0;175;0;0;0;;true;10;1;
CMission_Success_FireBarrelUpgradeProjectId2;;30;Quest;1460;;7500;0;;;0;;0;175;0;0;0;;true;10;1;
CMission_Failure_FireBarrelUpgradeProjectId;;0;;0;;;0;;;0;;0;;0;0;0;;true;0;0;
CMission_Failure_FireBarrelUpgradeProjectId2;;0;;0;;;0;;;0;;0;;0;0;0;;true;0;0;
CMission_Success_RepeaterUpgradeProjectId;;20;Quest;960;;6250;0;;;0;;0;175;0;0;0;;true;10;1;
CMission_Success_RepeaterUpgradeProjectId2;;30;Quest;1460;;7500;0;;;0;;0;175;0;0;0;;true;10;1;
CMission_Failure_RepeaterUpgradeProjectId;;0;;0;;;0;;;0;;0;;0;0;0;;true;0;0;
CMission_Failure_RepeaterUpgradeProjectId2;;0;;0;;;0;;;0;;0;;0;0;0;;true;0;0;
CMission_Success_LumberJackSpiritProjectId;;30;Quest;1460;;7500;0;;;0;;0;175;0;0;0;;true;10;1;
CMission_Failure_LumberJackSpiritProjectId;;0;;0;;;0;;;0;;0;;0;0;0;;true;0;0;
CMission_Success_MinersResolveProjectId;;30;Quest;1460;;7500;0;;;0;;0;175;0;0;0;;true;10;1;
CMission_Failure_MinersResolveProjectId;;0;;0;;;0;;;0;;0;;0;0;0;;true;0;0;
CMission_Success_HuntersBountyProjectId;;30;Quest;1460;;7500;0;;;0;;0;175;0;0;0;;true;10;1;
CMission_Failure_HuntersBountyProjectId;;0;;0;;;0;;;0;;0;;0;0;0;;true;0;0;
CMission_Success_FarmersHarvestProjectId;;30;Quest;1460;;7500;0;;;0;;0;175;0;0;0;;true;10;1;
CMission_Failure_FarmersHarvestProjectId;;0;;0;;;0;;;0;;0;;0;0;0;;true;0;0;
CMission_Success_ArcaneBlessingProjectId;;30;Quest;1460;;7500;0;;;0;;0;175;0;0;0;;true;10;1;
CMission_Failure_ArcaneBlessingProjectId;;0;;0;;;0;;;0;;0;;0;0;0;;true;0;0;
CMission_Success_HaleAndHeartyProjectId;;30;Quest;1460;;7500;0;;;0;;0;175;0;0;0;;true;10;1;
CMission_Failure_HaleAndHeartyProjectId;;0;;0;;;0;;;0;;0;;0;0;0;;true;0;0;
CMission_Success_StalwartProjectId;;30;Quest;1460;;7500;0;;;0;;0;175;0;0;0;;true;10;1;
CMission_Failure_StalwartProjectId;;0;;0;;;0;;;0;;0;;0;0;0;;true;0;0;
CMission_Success_OutfittersInspirationProjectId;;30;Quest;1460;;7500;0;;;0;;0;175;0;0;0;;true;10;1;
CMission_Failure_OutfittersInspirationProjectId;;0;;0;;;0;;;0;;0;;0;0;0;;true;0;0;
CMission_Success_BlacksmithTemperamentProjectId;;30;Quest;1460;;7500;0;;;0;;0;175;0;0;0;;true;10;1;
CMission_Failure_BlacksmithTemperamentProjectId;;0;;0;;;0;;;0;;0;;0;0;0;;true;0;0;
CMission_Success_ArcaneWisdomProjectId;;30;Quest;1460;;7500;0;;;0;;0;175;0;0;0;;true;10;1;
CMission_Failure_ArcaneWisdomProjectId;;0;;0;;;0;;;0;;0;;0;0;0;;true;0;0;
CMission_Success_ChefsPassionProjectId;;30;Quest;1460;;7500;0;;;0;;0;175;0;0;0;;true;10;1;
CMission_Failure_ChefsPassionProjectId;;0;;0;;;0;;;0;;0;;0;0;0;;true;0;0;
CMission_Success_EngineersPatienceProjectId;;30;Quest;1460;;7500;0;;;0;;0;175;0;0;0;;true;10;1;
CMission_Failure_EngineersPatienceProjectId;;0;;0;;;0;;;0;;0;;0;0;0;;true;0;0;
CMission_Success_FishermansFortuneProjectId;;30;Quest;1460;;7500;0;;;0;;0;175;0;0;0;;true;10;1;
CMission_Failure_FishermansFortuneProjectId;;0;;0;;;0;;;0;;0;;0;0;0;;true;0;0;
Darkness_Any_GlobalSuccess;;0;Quest-;0;;0;0;;;0;;0;0;0;0;0;;true;0;0;
Darkness_Minor_Tier_1_Diff_0;Darkness;0;;100;;10000;0;;;0;;0;100;0;0;0;;true;0;0;
Darkness_Minor_Tier_1_Diff_1;Darkness;0;;200;;20000;0;;;0;;0;200;0;0;0;;true;0;0;
Darkness_Minor_Tier_1_Diff_2;Darkness;0;;300;;30000;0;;;0;;0;300;0;0;0;;true;0;0;
Darkness_Minor_Tier_1_Diff_3;Darkness;0;;300;;40000;0;;;0;;0;300;0;0;0;;true;0;0;
Darkness_Minor_Tier_1_Diff_4;Darkness;0;;300;;50000;0;;;0;;0;300;0;0;0;;true;0;0;
Darkness_Minor_Tier_1_Diff_5;Darkness;0;;300;;60000;0;;;0;;0;300;0;0;0;;true;0;0;
Darkness_Minor_Tier_2_Diff_0;Darkness;0;;400;;15000;0;;;0;;0;400;0;0;0;;true;0;0;
Darkness_Minor_Tier_2_Diff_1;Darkness;0;;500;;25000;0;;;0;;0;500;0;0;0;;true;0;0;
Darkness_Minor_Tier_2_Diff_2;Darkness;0;;600;;35000;0;;;0;;0;600;0;0;0;;true;0;0;
Darkness_Minor_Tier_2_Diff_3;Darkness;0;;600;;45000;0;;;0;;0;600;0;0;0;;true;0;0;
Darkness_Minor_Tier_2_Diff_4;Darkness;0;;600;;55000;0;;;0;;0;600;0;0;0;;true;0;0;
Darkness_Minor_Tier_2_Diff_5;Darkness;0;;600;;65000;0;;;0;;0;600;0;0;0;;true;0;0;
Darkness_Minor_Tier_3_Diff_0;Darkness;0;;600;;20000;0;;;0;;0;600;0;0;0;;true;0;0;
Darkness_Minor_Tier_3_Diff_1;Darkness;0;;600;;30000;0;;;0;;0;600;0;0;0;;true;0;0;
Darkness_Minor_Tier_3_Diff_2;Darkness;0;;600;;40000;0;;;0;;0;600;0;0;0;;true;0;0;
Darkness_Minor_Tier_3_Diff_3;Darkness;0;;600;;50000;0;;;0;;0;600;0;0;0;;true;0;0;
Darkness_Minor_Tier_3_Diff_4;Darkness;0;;600;;60000;0;;;0;;0;600;0;0;0;;true;0;0;
Darkness_Minor_Tier_3_Diff_5;Darkness;0;;600;;70000;0;;;0;;0;600;0;0;0;;true;0;0;
Darkness_Minor_DT1_T1;Darkness;25;DarknessMinor;400;;55.000000000000007;0;[LTID]DarknessMinor1EventLoot25;;0;;0;250;0;0;0;;true;20;1;
Darkness_Minor_DT1_T2;Darkness;25;DarknessMinor;400;;55.000000000000007;0;[LTID]DarknessMinor2EventLoot25;;0;;0;250;0;0;0;;true;20;1;
Darkness_Minor_DT2_T1;Darkness;35;DarknessMinor;550;;65;0;[LTID]DarknessMinor1EventLoot35;;0;;0;250;0;0;0;;true;20;1;
Darkness_Minor_DT2_T2;Darkness;35;DarknessMinor;550;;65;0;[LTID]DarknessMinor2EventLoot35;;0;;0;250;0;0;0;;true;20;1;
Darkness_Minor_DT3_T1;Darkness;45;DarknessMinor;630;;75;0;[LTID]DarknessMinor1EventLoot45;;0;;0;250;0;0;0;;true;20;1;
Darkness_Minor_DT3_T2;Darkness;45;DarknessMinor;630;;75;0;[LTID]DarknessMinor2EventLoot45;;0;;0;250;0;0;0;;true;20;1;
Darkness_Minor_DT4_T1;Darkness;55;DarknessMinor;700;;85;0;[LTID]DarknessMinor1EventLoot55;;0;;0;250;0;0;0;;true;30;1;
Darkness_Minor_DT4_T2;Darkness;55;DarknessMinor;700;;85;0;[LTID]DarknessMinor2EventLoot55;;0;;0;250;0;0;0;;true;30;1;
Darkness_Minor_DT5_T1;Darkness;60;DarknessMinor+;850;;360;0;[LTID]DarknessMinor1EventLoot60;;0;;0;250;0;0;0;;true;30;1;
Darkness_Minor_DT5_T2;Darkness;60;DarknessMinor+;850;;360;0;[LTID]DarknessMinor2EventLoot60;;0;;0;250;0;0;0;;true;30;1;
Darkness_Minor_DT6_T1;Darkness;65;DarknessMinor+;1000;;380;0;[LTID]DarknessMinor1EventLoot60;;0;;0;250;0;0;0;;true;30;1;
Darkness_Minor_DT6_T2;Darkness;65;DarknessMinor+;1000;;380;0;[LTID]DarknessMinor2EventLoot60;;0;;0;250;0;0;0;;true;30;1;
Darkness_Major_DT1_T1;Darkness;25;DarknessMajor;1400;;1100;0;[LTID]DarknessMajor1EventLoot25;;0;;0;375;0;0;0;;true;40;1;
Darkness_Major_DT1_T2;Darkness;25;DarknessMajor;1400;;1100;0;[LTID]DarknessMajor2EventLoot25;;0;;0;375;0;0;0;;true;40;1;
Darkness_Major_DT2_T1;Darkness;35;DarknessMajor;1900;;1300;0;[LTID]DarknessMajor1EventLoot35;;0;;0;375;0;0;0;;true;40;1;
Darkness_Major_DT2_T2;Darkness;35;DarknessMajor;1900;;1300;0;[LTID]DarknessMajor2EventLoot35;;0;;0;375;0;0;0;;true;40;1;
Darkness_Major_DT3_T1;Darkness;45;DarknessMajor;2250;;1500;0;[LTID]DarknessMajor1EventLoot45;;0;;0;375;0;0;0;;true;40;1;
Darkness_Major_DT3_T2;Darkness;45;DarknessMajor;2250;;1500;0;[LTID]DarknessMajor2EventLoot45;;0;;0;375;0;0;0;;true;40;1;
Darkness_Major_DT4_T1;Darkness;55;DarknessMajor;2500;;1700;0;[LTID]DarknessMajor1EventLoot55;;0;;0;375;0;0;0;;true;60;1;
Darkness_Major_DT4_T2;Darkness;55;DarknessMajor;2500;;1700;0;[LTID]DarknessMajor2EventLoot55;;0;;0;375;0;0;0;;true;60;1;
Darkness_Major_DT5_T1;Darkness;60;DarknessMajor+;3000;;5400;0;[LTID]DarknessMajor1EventLoot60;;0;;0;375;0;0;0;;true;60;1;
Darkness_Major_DT5_T2;Darkness;60;DarknessMajor+;3000;;5400;0;[LTID]DarknessMajor2EventLoot60;;0;;0;375;0;0;0;;true;60;1;
Darkness_Major_DT6_T1;Darkness;65;DarknessMajor+;3500;;5700;0;[LTID]DarknessMajor1EventLoot60;;0;;0;375;0;0;0;;true;60;1;
Darkness_Major_DT6_T2;Darkness;65;DarknessMajor+;3500;;5700;0;[LTID]DarknessMajor2EventLoot65;;0;;0;375;0;0;0;;true;60;1;
Arena_Spriggan_AngryEarth_T1;Arena;66;ArenaSpriggan;17500;;19200;0;[LTID]AwardAngryEarthEvent;;0;;0;;0;0;0;;true;60;1;
Arena_LostSiren_Reekwater;Arena;66;AwardLostEvent;17500;;19200;0;[LTID]AwardLostEvent;;0;;0;250;0;0;0;;true;60;1;
Arena_SwampBeast_Reekwater;Arena;66;AwardDryadEvent;17500;;19200;0;[LTID]AwardSwampBeastEvent;;0;;0;250;0;0;0;;true;60;1;
Arena_CorruptedSpriggan_Myrkgard;Arena;65;ArenaMyrkgard;17500;;19000;0;[LTID]AwardCorruptedEvent;;0;;0;;0;0;0;;true;60;1;
Event_MyrkgardKeyFragment1;Darkness;65;Myrkgard;0;;;0;[LTID]DarknessMajor2EventLoot65;;0;;0;N/A;0;0;0;;true;0;0;
Event_MyrkgardKeyFragment2;Darkness;65;Myrkgard;0;;;0;[LTID]DarknessMajor2EventLoot65;;0;;0;N/A;0;0;0;;true;0;0;
Event_MyrkgardKeyFragment3;Darkness;65;Myrkgard;0;;;0;[LTID]DarknessMajor2EventLoot65;;0;;0;N/A;0;0;0;;true;0;0;
Event_MyrkgardKeyFragment4;Darkness;65;Myrkgard;0;;;0;[LTID]DarknessMajor2EventLoot65;;0;;0;N/A;0;0;0;;true;0;0;
Event_MyrkgardKeyFragment5;Darkness;65;Myrkgard;0;;;0;[LTID]DarknessMajor2EventLoot65;;0;;0;N/A;0;0;0;;true;0;0;
Event_MyrkgardKey;;70;Quest;0;;;0;MyrkgardKey;;0;;0;N/A;0;0;0;;true;0;0;
Invasion_T1;Invasion;45;DarknessMajor;2640;;1500;0;[LTID]Invasion1Event;;0;;0;375;800;800;0;;true;250;1;
Invasion_T2;Invasion;55;DarknessMajor;2970;;1700;0;[LTID]Invasion2Event;;0;;0;375;1200;1200;0;;true;250;1;
Invasion_T3;Invasion;60;DarknessMajor;3750;;1800;0;[LTID]Invasion3Event;;0;;0;375;1600;1600;0;;true;250;1;
Invasion_T4;Invasion;65;DarknessMajor;4380;;1900;0;[LTID]Invasion4Event;;0;;0;375;2000;2000;0;;true;250;1;
War_T1;War;45;War;2500;;7500;0;[LTID]WarEvent;;0;;0;N/A;800;800;0;;true;250;1;
War_T2;War;55;War;5000;;8500;0;[LTID]WarEvent;;0;;0;N/A;1200;1200;0;;true;250;1;
War_T3;War;60;War;10000;;9000;0;[LTID]WarEvent;;0;;0;N/A;1600;1600;0;;true;250;1;
War_T4;War;65;War;20000;;9500;0;[LTID]WarEvent;;0;;0;N/A;2000;2000;0;;true;250;1;
OutpostRush_T1;OutpostRush;60;OutpostRush;1000;;4500;0;OutpostRushRewardL60;;0;;0;N/A;0;0;0;;true;250;1;
OutpostRush_T2;OutpostRush;60;OutpostRush;2500;;4500;0;OutpostRushRewardL60;;0;;0;N/A;0;0;0;;true;250;1;
OutpostRush_T3;OutpostRush;60;OutpostRush;5000;;4500;0;OutpostRushRewardL60;;0;;0;N/A;0;0;0;;true;250;1;
OutpostRush_T4;OutpostRush;60;OutpostRush;10000;;4500;0;OutpostRushRewardL60;;0;;0;N/A;0;0;0;;true;250;1;
OutpostRush_GrantBruteTotem;OutpostRush;60;OutpostRush;0;;;0;OR_SummonStoneBrute;;0;;0;N/A;0;0;0;;true;0;0;
Craft_WeaponsmithingT1;Crafting;0;;0;;;0;;;0;Weaponsmithing;1;1;0;0;0;;true;0;0;
Craft_WeaponsmithingT2;Crafting;0;;0;;;0;;;0;Weaponsmithing;12;2;0;0;0;;true;0;0;
Craft_WeaponsmithingT3;Crafting;0;;0;;;0;;;0;Weaponsmithing;45;2;0;0;0;;true;0;0;
Craft_WeaponsmithingT4;Crafting;0;;0;;;0;;;0;Weaponsmithing;168;2;0;0;0;;true;0;0;
Craft_WeaponsmithingT5;Crafting;0;;0;;;0;;;0;Weaponsmithing;504;3;0;0;0;;true;0;0;
Craft_WeaponsmithingLowT1;Crafting;0;;0;;;0;;;0;Weaponsmithing;1;1;0;0;0;;true;0;0;
Craft_WeaponsmithingLowT2;Crafting;0;;0;;;0;;;0;Weaponsmithing;2;2;0;0;0;;true;0;0;
Craft_WeaponsmithingLowT3;Crafting;0;;0;;;0;;;0;Weaponsmithing;3;2;0;0;0;;true;0;0;
Craft_WeaponsmithingLowT4;Crafting;0;;0;;;0;;;0;Weaponsmithing;4;2;0;0;0;;true;0;0;
Craft_WeaponsmithingLowT5;Crafting;0;;0;;;0;;;0;Weaponsmithing;5;3;0;0;0;;true;0;0;
Craft_ArmoringT1;Crafting;0;;0;;;0;;;0;Armoring;1;1;0;0;0;;true;0;0;
Craft_ArmoringT2;Crafting;0;;0;;;0;;;0;Armoring;12;2;0;0;0;;true;0;0;
Craft_ArmoringT3;Crafting;0;;0;;;0;;;0;Armoring;45;2;0;0;0;;true;0;0;
Craft_ArmoringT4;Crafting;0;;0;;;0;;;0;Armoring;168;2;0;0;0;;true;0;0;
Craft_ArmoringT5;Crafting;0;;0;;;0;;;0;Armoring;504;3;0;0;0;;true;0;0;
Craft_ArmoringLowT1;Crafting;0;;0;;;0;;;0;Armoring;1;1;0;0;0;;true;0;0;
Craft_ArmoringLowT2;Crafting;0;;0;;;0;;;0;Armoring;2;2;0;0;0;;true;0;0;
Craft_ArmoringLowT3;Crafting;0;;0;;;0;;;0;Armoring;3;2;0;0;0;;true;0;0;
Craft_ArmoringLowT4;Crafting;0;;0;;;0;;;0;Armoring;4;2;0;0;0;;true;0;0;
Craft_ArmoringLowT5;Crafting;0;;0;;;0;;;0;Armoring;5;3;0;0;0;;true;0;0;
Craft_JewelcraftingT1;Crafting;0;;0;;;0;;;0;Jewelcrafting;3;1;0;0;0;;true;0;0;
Craft_JewelcraftingT2;Crafting;0;;0;;;0;;;0;Jewelcrafting;48;2;0;0;0;;true;0;0;
Craft_JewelcraftingT3;Crafting;0;;0;;;0;;;0;Jewelcrafting;168;2;0;0;0;;true;0;0;
Craft_JewelcraftingT4;Crafting;0;;0;;;0;;;0;Jewelcrafting;300;2;0;0;0;;true;0;0;
Craft_JewelcraftingT5;Crafting;0;;0;;;0;;;0;Jewelcrafting;500;3;0;0;0;;true;0;0;
Craft_JewelcraftingCompT1;Crafting;0;;0;;;0;;;0;Jewelcrafting;1;;0;0;0;;true;0;0;
Craft_JewelcraftingCompT2;Crafting;0;;0;;;0;;;0;Jewelcrafting;3;;0;0;0;;true;0;0;
Craft_JewelcraftingCompT3;Crafting;0;;0;;;0;;;0;Jewelcrafting;9;;0;0;0;;true;0;0;
Craft_JewelcraftingCompT4;Crafting;0;;0;;;0;;;0;Jewelcrafting;26;;0;0;0;;true;0;0;
Craft_JewelcraftingCompT5;Crafting;0;;0;;;0;;;0;Jewelcrafting;52;;0;0;0;;true;0;0;
Craft_ArcanaAlkahestT1;Crafting;0;;0;;;0;;;0;Arcana;1;1;0;0;0;;true;0;0;
Craft_ArcanaAlkahestT2;Crafting;0;;0;;;0;;;0;Arcana;4;1;0;0;0;;true;0;0;
Craft_ArcanaAlkahestT3;Crafting;0;;0;;;0;;;0;Arcana;6;1;0;0;0;;true;0;0;
Craft_ArcanaAlkahestT4;Crafting;0;;0;;;0;;;0;Arcana;12;2;0;0;0;;true;0;0;
Craft_ArcanaAlkahestT5;Crafting;0;;0;;;0;;;0;Arcana;20;3;0;0;0;;true;0;0;
Craft_ArcanaT1;Crafting;0;;0;;;0;;;0;Arcana;3;1;0;0;0;;true;0;0;
Craft_ArcanaT2;Crafting;0;;0;;;0;;;0;Arcana;12;2;0;0;0;;true;0;0;
Craft_ArcanaT3;Crafting;0;;0;;;0;;;0;Arcana;42;2;0;0;0;;true;0;0;
Craft_ArcanaT4;Crafting;0;;0;;;0;;;0;Arcana;147;2;0;0;0;;true;0;0;
Craft_ArcanaT5;Crafting;0;;0;;;0;;;0;Arcana;412;3;0;0;0;;true;0;0;
Craft_CookingT1;Crafting;0;;0;;;0;;;0;Cooking;3;1;0;0;0;;true;0;0;
Craft_CookingT2;Crafting;0;;0;;;0;;;0;Cooking;5;1;0;0;0;;true;0;0;
Craft_CookingT3;Crafting;0;;0;;;0;;;0;Cooking;15;1;0;0;0;;true;0;0;
Craft_CookingT4;Crafting;0;;0;;;0;;;0;Cooking;45;1;0;0;0;;true;0;0;
Craft_CookingT5;Crafting;0;;0;;;0;;;0;Cooking;135;1;0;0;0;;true;0;0;
Craft_FurnishingT1;Crafting;0;;0;;;0;;;0;Furnishing;1;1;0;0;0;;true;0;0;
Craft_FurnishingT2;Crafting;0;;0;;;0;;;0;Furnishing;6;1;0;0;0;;true;0;0;
Craft_FurnishingT3;Crafting;0;;0;;;0;;;0;Furnishing;24;1;0;0;0;;true;0;0;
Craft_FurnishingT4;Crafting;0;;0;;;0;;;0;Furnishing;96;1;0;0;0;;true;0;0;
Craft_FurnishingT5;Crafting;0;;0;;;0;;;0;Furnishing;320;1;0;0;0;;true;0;0;
Craft_EngineeringT1;Crafting;0;;0;;;0;;;0;Engineering;1;1;0;0;0;;true;0;0;
Craft_EngineeringT2;Crafting;0;;0;;;0;;;0;Engineering;12;2;0;0;0;;true;0;0;
Craft_EngineeringT3;Crafting;0;;0;;;0;;;0;Engineering;45;2;0;0;0;;true;0;0;
Craft_EngineeringT4;Crafting;0;;0;;;0;;;0;Engineering;168;2;0;0;0;;true;0;0;
Craft_EngineeringT5;Crafting;0;;0;;;0;;;0;Engineering;504;3;0;0;0;;true;0;0;
Craft_EngineeringLowT1;Crafting;0;;0;;;0;;;0;Engineering;1;1;0;0;0;;true;0;0;
Craft_EngineeringLowT2;Crafting;0;;0;;;0;;;0;Engineering;2;2;0;0;0;;true;0;0;
Craft_EngineeringLowT3;Crafting;0;;0;;;0;;;0;Engineering;3;2;0;0;0;;true;0;0;
Craft_EngineeringLowT4;Crafting;0;;0;;;0;;;0;Engineering;4;2;0;0;0;;true;0;0;
Craft_EngineeringLowT5;Crafting;0;;0;;;0;;;0;Engineering;5;3;0;0;0;;true;0;0;
Craft_SmeltingT1;Crafting;0;;0;;;0;;;0;Smelting;1;;0;0;0;;true;0;0;
Craft_SmeltingT2;Crafting;0;;0;;;0;;;0;Smelting;9;;0;0;0;;true;0;0;
Craft_SmeltingT3;Crafting;0;;0;;;0;;;0;Smelting;38;;0;0;0;;true;0;0;
Craft_SmeltingT4;Crafting;0;;0;;;0;;;0;Smelting;185;;0;0;0;;true;0;0;
Craft_SmeltingT5;Crafting;0;;0;;;0;;;0;Smelting;770;;0;0;0;;true;0;0;
Craft_WoodworkingT1;Crafting;0;;0;;;0;;;0;Woodworking;1;;0;0;0;;true;0;0;
Craft_WoodworkingT2;Crafting;0;;0;;;0;;;0;Woodworking;9;;0;0;0;;true;0;0;
Craft_WoodworkingT3;Crafting;0;;0;;;0;;;0;Woodworking;38;;0;0;0;;true;0;0;
Craft_WoodworkingT4;Crafting;0;;0;;;0;;;0;Woodworking;185;;0;0;0;;true;0;0;
Craft_WoodworkingT5;Crafting;0;;0;;;0;;;0;Woodworking;770;;0;0;0;;true;0;0;
Craft_LeatherworkingT1;Crafting;0;;0;;;0;;;0;Leatherworking;1;;0;0;0;;true;0;0;
Craft_LeatherworkingT2;Crafting;0;;0;;;0;;;0;Leatherworking;9;;0;0;0;;true;0;0;
Craft_LeatherworkingT3;Crafting;0;;0;;;0;;;0;Leatherworking;38;;0;0;0;;true;0;0;
Craft_LeatherworkingT4;Crafting;0;;0;;;0;;;0;Leatherworking;185;;0;0;0;;true;0;0;
Craft_LeatherworkingT5;Crafting;0;;0;;;0;;;0;Leatherworking;770;;0;0;0;;true;0;0;
Craft_WeavingT1;Crafting;0;;0;;;0;;;0;Weaving;1;;0;0;0;;true;0;0;
Craft_WeavingT2;Crafting;0;;0;;;0;;;0;Weaving;9;;0;0;0;;true;0;0;
Craft_WeavingT3;Crafting;0;;0;;;0;;;0;Weaving;38;;0;0;0;;true;0;0;
Craft_WeavingT4;Crafting;0;;0;;;0;;;0;Weaving;185;;0;0;0;;true;0;0;
Craft_WeavingT5;Crafting;0;;0;;;0;;;0;Weaving;770;;0;0;0;;true;0;0;
Craft_StonecuttingT1;Crafting;0;;0;;;0;;;0;Stonecutting;1;;0;0;0;;true;0;0;
Craft_StonecuttingT2;Crafting;0;;0;;;0;;;0;Stonecutting;9;;0;0;0;;true;0;0;
Craft_StonecuttingT3;Crafting;0;;0;;;0;;;0;Stonecutting;36;;0;0;0;;true;0;0;
Craft_StonecuttingT4;Crafting;0;;0;;;0;;;0;Stonecutting;171;;0;0;0;;true;0;0;
Craft_StonecuttingT5;Crafting;0;;0;;;0;;;0;Stonecutting;770;;0;0;0;;true;0;0;
Craft_StonecuttingGemT1;Crafting;0;;0;;;0;;;0;Stonecutting;6;;0;0;0;;true;0;0;
Craft_StonecuttingGemT2;Crafting;0;;0;;;0;;;0;Stonecutting;43;;0;0;0;;true;0;0;
Craft_StonecuttingGemT3;Crafting;0;;0;;;0;;;0;Stonecutting;218;;0;0;0;;true;0;0;
Craft_StonecuttingGemT4;Crafting;0;;0;;;0;;;0;Stonecutting;1084;;0;0;0;;true;0;0;
Craft_StonecuttingGemT5;Crafting;0;;0;;;0;;;0;Stonecutting;5157;;0;0;0;;true;0;0;
Gather_SkinningT0;Gathering;0;;5;;;0;;;0;Skinning;16;;0;0;0;;true;0;0;
Gather_SkinningT1;Gathering;0;;5;;;0;;;0;Skinning;27;;0;0;0;;true;0;0;
Gather_SkinningT2;Gathering;0;;10;;;0;;;0;Skinning;79;;0;0;0;;true;0;0;
Gather_SkinningT3;Gathering;0;;15;;;0;;;0;Skinning;132;;0;0;0;;true;0;0;
Gather_SkinningT4;Gathering;0;;20;;;0;;;0;Skinning;179;;0;0;0;;true;0;0;
Gather_SkinningT5;Gathering;0;;25;;;0;;;0;Skinning;221;;0;0;0;;true;0;0;
Gather_MiningT1;Gathering;0;;5;;;0;;;0;Mining;53;;0;0;0;;true;0;0;
Gather_MiningT2;Gathering;0;;10;;;0;;;0;Mining;79;;0;0;0;;true;0;0;
Gather_MiningT3;Gathering;0;;15;;;0;;;0;Mining;105;;0;0;0;;true;0;0;
Gather_MiningT4;Gathering;0;;20;;;0;;;0;Mining;105;;0;0;0;;true;0;0;
Gather_MiningT5;Gathering;0;;25;;;0;;;0;Mining;158;;0;0;0;;true;0;0;
Gather_MiningT6;Gathering;0;;25;;;0;;;0;Mining;237;;0;0;0;;true;0;0;
Gather_MiningT7;Gathering;0;;25;;;0;;;0;Mining;158;;0;0;0;;true;0;0;
Gather_MiningT8;Gathering;0;;25;;;0;;;0;Mining;237;;0;0;0;;true;0;0;
Gather_MiningT9;Gathering;0;;25;;;0;;;0;Mining;355;;0;0;0;;true;0;0;
Gather_MiningT10;Gathering;0;;25;;;0;;;0;Mining;263;;0;0;0;;true;0;0;
Gather_MiningT11;Gathering;0;;25;;;0;;;0;Mining;394;;0;0;0;;true;0;0;
Gather_MiningT12;Gathering;0;;25;;;0;;;0;Mining;591;;0;0;0;;true;0;0;
Gather_MiningT13;Gathering;0;;25;;;0;;;0;Mining;657;;0;0;0;;true;0;0;
Gather_MiningT14;Gathering;0;;25;;;0;;;0;Mining;984;;0;0;0;;true;0;0;
Gather_MiningT15;Gathering;0;;25;;;0;;;0;Mining;1476;;0;0;0;;true;0;0;
Gather_LoggingT1;Gathering;0;;5;;;0;;;0;Logging;37;;0;0;0;;true;0;0;
Gather_LoggingT2;Gathering;0;;10;;;0;;;0;Logging;73;;0;0;0;;true;0;0;
Gather_LoggingT3;Gathering;0;;15;;;0;;;0;Logging;140;;0;0;0;;true;0;0;
Gather_LoggingT4;Gathering;0;;20;;;0;;;0;Logging;166;;0;0;0;;true;0;0;
Gather_LoggingT5;Gathering;0;;25;;;0;;;0;Logging;221;;0;0;0;;true;0;0;
Gather_LoggingT6;Gathering;0;;5;;;0;;;0;Logging;139;;0;0;0;;true;0;0;
Gather_LoggingT7;Gathering;0;;10;;;0;;;0;Logging;277;;0;0;0;;true;0;0;
Gather_LoggingT8;Gathering;0;;15;;;0;;;0;Logging;552;;0;0;0;;true;0;0;
Gather_LoggingT9;Gathering;0;;20;;;0;;;0;Logging;828;;0;0;0;;true;0;0;
Gather_LoggingT10;Gathering;0;;25;;;0;;;0;Logging;1103;;0;0;0;;true;0;0;
Gather_LoggingT11;Gathering;0;;30;;;0;;;0;Logging;690;;0;0;0;;true;0;0;
Gather_LoggingT12;Gathering;0;;35;;;0;;;0;Logging;1379;;0;0;0;;true;0;0;
Gather_LoggingT13;Gathering;0;;25;;;0;;;0;Logging;2757;;0;0;0;;true;0;0;
Gather_LoggingT14;Gathering;0;;30;;;0;;;0;Logging;4135;;0;0;0;;true;0;0;
Gather_LoggingT15;Gathering;0;;35;;;0;;;0;Logging;5513;;0;0;0;;true;0;0;
Gather_HarvestingT0;Gathering;0;;5;;;0;;;0;Harvesting;6;;0;0;0;;true;0;0;
Gather_HarvestingT1;Gathering;0;;5;;;0;;;0;Harvesting;46;;0;0;0;;true;0;0;
Gather_HarvestingT2;Gathering;0;;10;;;0;;;0;Harvesting;68;;0;0;0;;true;0;0;
Gather_HarvestingT3;Gathering;0;;15;;;0;;;0;Harvesting;90;;0;0;0;;true;0;0;
Gather_HarvestingT4;Gathering;0;;20;;;0;;;0;Harvesting;90;;0;0;0;;true;0;0;
Gather_HarvestingT5;Gathering;0;;25;;;0;;;0;Harvesting;135;;0;0;0;;true;0;0;
Gather_HarvestingT6;Gathering;0;;30;;;0;;;0;Harvesting;179;;0;0;0;;true;0;0;
Gather_HarvestingT7;Gathering;0;;20;;;0;;;0;Harvesting;224;;0;0;0;;true;0;0;
Gather_HarvestingT8;Gathering;0;;25;;;0;;;0;Harvesting;335;;0;0;0;;true;0;0;
Gather_HarvestingT9;Gathering;0;;30;;;0;;;0;Harvesting;447;;0;0;0;;true;0;0;
Gather_HarvestingT10;Gathering;0;;20;;;0;;;0;Harvesting;558;;0;0;0;;true;0;0;
Gather_HarvestingT11;Gathering;0;;25;;;0;;;0;Harvesting;837;;0;0;0;;true;0;0;
Gather_HarvestingT12;Gathering;0;;30;;;0;;;0;Harvesting;1117;;0;0;0;;true;0;0;
House_Purchase;;0;;0;;;0;;;0;;0;;0;0;0;;true;0;0;
House_PayRent;;0;;0;;;0;;;0;;0;1000;0;0;0;;true;0;0;
Chart_Location;;0;;1;;;0;;;0;;0;50;0;0;0;;true;0;0;
Read_LoreItem;;0;;1;;;0;;;0;;0;;0;0;0;;true;0;0;
FishHooked;;0;;5;;;0;;;0;Fishing;10;;0;0;0;;true;0;0;
FishCaught;;0;;20;;;0;;;0;Fishing;1;5;0;0;0;;true;0;0;
S_getoffbeach_success;;1;MSQ-;150;;19;0;Feet_DuelistT2;;100;;0;0;0;0;0;;true;0;0;
S_culldrowned_success;;4;Quest;200;;4250;0;1hRoundShieldDropT2;;100;;0;0;0;0;0;;true;0;0;
S_campandtools_success;;4;Quest-;150;;1700;0;HardtackT1;;0;;0;0;0;0;0;;true;0;0;
S_boarproblem_success;;4;Quest;200;;4250;0;HardtackT1;;100;;0;0;0;0;0;;true;0;0;
S_xmarksthespot_p1_success;;5;Quest;210;;4375;0;HardtackT1;;0;;0;0;0;0;0;;true;0;0;
S_xmarksthespot_p2_success;;6;Quest;260;;4500;0;HardtackT1;;0;;0;0;0;0;0;;true;0;0;
S_xmarksthespot_p3_success;;6;Quest;260;;4500;0;1hThrowingAxeDropT2;;100;;0;0;0;0;0;;true;0;0;
S_preciouscargo_success;;8;Quest+;490;;6650;0;;;100;;0;0;0;0;0;;true;0;0;
S_introtosettlement_success;;8;Quest;390;;4750;0;Legs_DuelistT2;;100;;0;100;0;0;0;;true;0;0;
S_introtosurvivalist_success;;1;Quest-;150;;1550;0;;;0;;0;100;0;0;0;;true;0;0;
S_campingskills_success;;8;Quest;390;;4750;0;;;100;;0;175;0;0;0;;true;0;0;
S_introtooverseer_success;;1;Quest-;150;;1550;0;;;100;;0;100;0;0;0;;true;0;0;
S_gatherforoverseer_success;;9;Quest;460;;4875;0;;;0;;0;175;0;0;0;;true;0;0;
S_refineforoverseer_success;;9;Quest;460;;4875;0;;;0;;0;175;0;0;0;;true;0;0;
S_introtoartificer_success;;1;Quest-;150;;1550;0;;;100;;0;100;0;0;0;;true;0;0;
S_craftforartificer_success;;9;Quest;460;;4875;0;;;0;;0;175;0;0;0;;true;0;0;
S_campingunlock_success;;1;Quest-;150;;1550;0;;;0;Camping;1;100;0;0;0;;true;0;0;
S_returntomagistrate_success;;1;Quest-;150;;1550;0;;;0;;0;100;0;0;0;;true;0;0;
S_magistratequest_success;;10;Quest;520;;5000;0;1hShieldAT2;;100;;0;175;0;0;0;;true;0;0;
S_introtomarauders_success;;1;Quest-;150;;1550;0;;;0;;0;100;0;0;0;;true;0;0;
S_marauderquest1_success;;12;Quest;630;;5250;0;FoodHealthRecoveryT2;;0;;0;175;0;0;0;;true;0;0;
S_marauderquest2_success;;12;Quest;630;;5250;0;Chest_SoldierT2;;100;;0;175;0;0;0;;true;0;0;
S_introtosyndicate_success;;1;Quest-;150;;1550;0;;;0;;0;100;0;0;0;;true;0;0;
S_syndicatequest1_success;;12;Quest;630;;5250;0;FoodHealthRecoveryT2;;0;;0;175;0;0;0;;true;0;0;
S_syndicatequest2_success;;13;Quest;640;;5375;0;Chest_ExplorerT2;;100;;0;175;0;0;0;;true;10;0;
S_introtocovenant_success;;1;Quest-;150;;1550;0;;;0;;0;100;0;0;0;;true;0;0;
S_covenantquest1_success;;13;Quest;640;;5375;0;FoodHealthRecoveryT2;;0;;0;175;0;0;0;;true;10;0;
S_covenantquest2_success;;14;Quest+;840;;7700;0;2hBowDropT2;;100;;0;250;0;0;0;;true;20;0;
S_timetochoose_success;;1;Quest-;150;;1550;0;;;0;;0;100;0;0;0;;true;0;0;
S_corruption_resistance_success;;17;Quest;800;;5875;0;;;0;;0;175;0;0;0;;true;10;0;
S_staff_final_success;;20;Quest+;1200;;8750;0;Darkness_AzothStaff_T1;;200;;0;250;0;0;0;;true;20;1;
S_purge_darkness_1_success;;20;Quest+;1200;;8750;0;;;0;;0;250;0;0;0;;true;20;1;
S_xmarksthespot_success;;8;Quest;390;;4750;0;1hThrowingAxeDropT2;;150;;0;175;0;0;0;;true;0;0;
9904_0028_thenoseknowsa_success;;10;Quest;520;;5000;0;;;0;;0;175;0;0;0;;true;0;0;
9904_0028_thenoseknowsb_success;;10;Quest;520;;5000;0;;;0;;0;175;0;0;0;;true;0;0;
9904_0028_thenoseknowsc_success;;10;Quest;520;;5000;0;;;0;;0;175;0;0;0;;true;0;0;
9904_0028_thenoseknowsd_success;;10;Quest;520;;5000;0;;;0;;0;175;0;0;0;;true;0;0;
9904_0028_thenoseknowse_success;;10;Quest;520;;5000;0;;;0;;0;175;0;0;0;;true;0;0;
9904_0028_thenoseknowsf_success;;10;Quest;520;;5000;0;;;0;;0;175;0;0;0;;true;0;0;
AzothStaff_0_success;;20;Quest+;1200;;8750;0;Darkness_AzothStaff_T1;;200;;0;250;0;0;0;;true;20;1;
AzothStaff_1_success;;12;Quest;630;;5250;0;QuestRewardDye;;0;;0;175;0;0;0;;true;0;0;
AzothStaff_2_success;;13;Quest+;800;;7525;0;QuestRewardWeaponsT2;;0;;0;250;0;0;0;;true;100;1;
AzothStaff_3_success;;14;Quest+;840;;7700;0;QuestRewardArmorT2;;0;;0;250;0;0;0;;true;20;0;
AzothStaff_4_success;;15;Quest+;870;;7875;0;QuestRewardDye;;0;;0;250;0;0;0;;true;100;1;
AzothStaff_5_success;;15;Quest+;870;;7875;0;QuestRewardWeaponsT2;;0;;0;250;0;0;0;;true;20;0;
AzothStaff_6_success;;15;Quest+;870;;7875;0;QuestRewardArmorT2;;0;;0;250;0;0;0;;true;100;1;
AzothStaff_7_success;;16;Quest+;930;;8050;0;Azoth_Staff_Haft;;0;;0;250;0;0;0;;true;20;0;
AzothStaff_8_success;;16;Quest+;930;;8050;0;QuestRewardWeaponsT2;;0;;0;250;0;0;0;;true;20;0;
AzothStaff_9_success;;17;Quest+;1000;;8225;0;QuestRewardArmorT2;;0;;0;250;0;0;0;;true;20;0;
AzothStaff_10_success;;17;Quest+;1000;;8225;0;QuestRewardDye;;0;;0;250;0;0;0;;true;20;0;
AzothStaff_11_success;;18;Quest+;1080;;8400;0;QuestRewardWeaponsT2;;0;;0;250;0;0;0;;true;20;0;
AzothStaff_12_success;;19;Quest+;1140;;8575;0;Azoth_Staff_Crook;;0;;0;250;0;0;0;;true;20;0;
AzothStaff_13_success;;20;Quest+;1200;;8750;0;QuestRewardWeaponsT3;;0;;0;250;0;0;0;;true;20;1;
AzothStaff_14_success;;16;Quest+;930;;8050;0;QuestRewardWeaponsT2;;0;;0;250;0;0;0;;true;20;0;
AzothStaff_15_success;;17;Quest+;1000;;8225;0;QuestRewardArmorT2;;0;;0;250;0;0;0;;true;20;0;
AzothStaff_16_success;;18;Quest+;1080;;8400;0;QuestRewardWeaponsT3;;0;;0;250;0;0;0;;true;20;0;
AzothStaff_17_success;;19;Quest+;1140;;8575;0;QuestRewardArmorT3;;0;;0;250;0;0;0;;true;20;0;
AzothStaff_18_success;;19;Quest+;1140;;8575;0;QuestRewardDye;;0;;0;250;0;0;0;;true;20;0;
AzothStaff_19_success;;20;Quest+;1200;;8750;0;QuestRewardWeaponsT3;;0;;0;250;0;0;0;;true;20;1;
AzothStaff_20_success;;21;Quest+;1280;;8925;0;Azoth_Vessel;;0;;0;250;0;0;0;;true;100;1;
AzothGrant;;0;;0;;;0;;;0;;0;;0;0;0;;false;50;1;
CoinGrantTreasureChest;;0;;0;;2500-5000;0;;;0;;0;;0;0;0;;false;0;0;
SalvageCoinGrantT2;;0;;0;;25;0;;;0;;0;;0;0;0;;false;0;0;
SalvageCoinGrantT3;;0;;0;;50;0;;;0;;0;;0;0;0;;false;0;0;
SalvageCoinGrantT4;;0;;0;;150;0;;;0;;0;;0;0;0;;false;0;0;
SalvageCoinGrantT5;;0;;0;;300;0;;;0;;0;;0;0;0;;false;0;0;
DefendObject_SampleEncounter_Completed;;1;Quest-;0;;0;0;;;0;;0;0;0;0;0;;true;0;0;
PVP_0001_DeadDropGiveItem_interact;;0;Quest-;0;0;0;0;;;0;;0;0;0;0;0;;true;0;0;
PVP_0001_DeadDropTakeItem_interact;;0;Quest-;0;0;0;0;;;0;;0;0;0;0;0;;true;0;0;
PVP_0002_DeadDropGiveItem_interact;;0;Quest-;0;0;0;0;;;0;;0;0;0;0;0;;true;0;0;
PVP_0002_DeadDropTakeItem_interact;;0;Quest-;0;0;0;0;;;0;;0;0;0;0;0;;true;0;0;
PVP_0003_DeadDropGiveItem_interact;;0;Quest-;0;0;0;0;;;0;;0;0;0;0;0;;true;0;0;
PVP_0003_DeadDropTakeItem_interact;;0;Quest-;0;0;0;0;;;0;;0;0;0;0;0;;true;0;0;
IO_0101_0202_Inquisitor_interact;;0;Quest-;0;0;0;0;0202_0101_InquisitorsTools;;0;;0;0;0;0;0;;true;0;0;
FM_PVP_War_Camp_Loot_Box_interact;;0;Quest-;0;0;0;0;;;0;;0;0;0;0;0;;true;0;0;
OmegaAzothGrant;;0;;0;;;0;;;0;;0;;0;0;0;;false;200;1;
Withered_Brute_Named_08;;26;DungeonBoss;1050;;8400;0;;;0;;0;;0;0;0;;true;0;0;
Ghost_Shackled_Named_05;;26;DungeonMiniBoss;1050;;8400;0;;;0;;0;;0;0;0;;true;0;0;
AncientGuardian_Heavy_Boss_Named_DG_Everfall_00;;36;DungeonBoss;1350;;12188;0;;;0;;0;;0;0;0;;true;0;0;
AncientGuardian_Mage_Named_DG_Everfall_00;;36;DungeonMiniBoss;1350;;12188;0;;;0;;0;;0;0;0;;true;0;0;
Damned_LongSwordsman_Commander_Named_DG_Restless_00;;46;DungeonBoss;1650;;16875;0;;;0;;0;;0;0;0;;true;0;0;
Damned_Priest_Miniboss_RestlessShores;;46;DungeonMiniBoss;1650;;16875;0;;;0;;0;;0;0;0;;true;0;0;
Damned_Priest_Named_DG_Restless_00;;46;DungeonBoss;1650;;16875;0;;;0;;0;;0;0;0;;true;0;0;
Isabella_DG_Ebonscale_00;;55;DungeonBoss;1920;;22313;0;;;0;;0;;0;0;0;;true;0;0;
Dynasty_Empress;;55;DungeonBoss;1920;;22313;0;;;0;;0;;0;0;0;;true;0;0;
Dynasty_Heavy_Named_DG_Ebonscale_00;;55;DungeonMiniBoss;1920;;22313;0;;;0;;0;;0;0;0;;true;0;0;
Naga;;60;DungeonBoss;2070;;13500;0;;;0;;0;;0;0;0;;true;0;0;
Bog_Monster;;66;DungeonBoss;2250;;28800;0;;;0;;0;;0;0;0;;true;0;0;
Naga_AncientGuardian;;66;DungeonBoss;2250;;28800;0;;;0;;0;;0;0;0;;true;0;0;
Naga_AngryEarth;;66;DungeonBoss;2250;;28800;0;;;0;;0;;0;0;0;;true;0;0;
Swamp_Dryad_Beast_Named_DG_Edengrove_00;;66;DungeonMiniBoss;2250;;28800;0;;;0;;0;;0;0;0;;true;0;0;
Torso_Boss;;66;DungeonBoss;2250;;28800;0;;;0;;0;;0;0;0;;true;0;0;
AncientGuardian_Mage_Named_DG_Reekwater_00_02;;66;DungeonMiniBoss;2250;;28800;0;;;0;;0;;0;0;0;;true;0;0;