Id;Type;CastDistanceRange;CastDistanceMultiplier;FishRarityRollModifier;FishSizeRollModifier;RequiredWaterTag;ActiveAtDawn;ActiveAtDaytime;ActiveAtDusk;ActiveAtNight;LootTableId;LootTags;RequiredLevel;FishSize;FishWeightRange;FishLengthRange;FishingXp;TimeToNibbleSecondsRange;TimeToNibbleSecondsMultiplier;TimeToBiteSecondsRange;FishReelTimeSeconds;FishDistanceSwamAwayPerSecond;LineTensionGainPerSecond;LineTensionGainPerSecondMultiplier;LineTensionRecoverPerSecond;FishBehaviors;FishBehaviorPattern;FishBehaviorLocalizationKey;ZoomCameraOnSuccess;FishCharacterDefinitionPath;FishScale
FreshWater_VeryShallow;Water;;;0;0;;false;false;false;false;;;0;;;;0;20-30;0;1-1.5;0;0;0;0;0;;0;;false;;0
FreshWater_Shallow;Water;;;0;0;;false;false;false;false;;;0;;;;0;10-25;0;1-1.5;0;0;0;0;0;;0;;false;;0
FreshWater_Deep;Water;;;0;0;;false;false;false;false;;;0;;;;0;5-15;0;1-1.5;0;0;0;0;0;;0;;false;;0
SaltWater_VeryShallow;Water;;;0;0;;false;false;false;false;;;0;;;;0;15-25;0;1-1.5;0;0;0;0;0;;0;;false;;0
SaltWater_Shallow;Water;;;0;0;;false;false;false;false;;;0;;;;0;10-20;0;1-1.5;0;0;0;0;0;;0;;false;;0
SaltWater_Deep;Water;;;0;0;;false;false;false;false;;;0;;;;0;5-15;0;1-1.5;0;0;0;0;0;;0;;false;;0
Hotspot_Broad_1;Hotspot;;;0;0;;false;false;false;false;FishingHotspotLoot;Broad;2;;;;0;3-6;0;1-1.5;0;0;0;0;0;;0;;false;;0
Hotspot_Broad_2;Hotspot;;;0;0;;false;false;false;false;FishingHotspotLoot;Broad;2;;;;0;3-6;0;1-1.5;0;0;0;0;0;;0;;false;;0
Hotspot_Broad_3;Hotspot;;;0;0;;false;false;false;false;FishingHotspotLoot;Broad;4;;;;0;3-6;0;1-1.5;0;0;0;0;0;;0;;false;;0
Hotspot_Broad_4;Hotspot;;;0;0;;false;false;false;false;FishingHotspotLoot;Broad;4;;;;0;3-6;0;1-1.5;0;0;0;0;0;;0;;false;;0
Hotspot_Broad_5;Hotspot;;;0;0;;false;false;false;false;FishingHotspotLoot;Broad;7;;;;0;3-6;0;1-1.5;0;0;0;0;0;;0;;false;;0
Hotspot_Broad_6;Hotspot;;;0;0;;false;false;false;false;FishingHotspotLoot;Broad;3;;;;0;3-6;0;1-1.5;0;0;0;0;0;;0;;false;;0
Hotspot_Broad_7;Hotspot;;;0;0;;false;false;false;false;FishingHotspotLoot;Broad;9;;;;0;3-6;0;1-1.5;0;0;0;0;0;;0;;false;;0
Hotspot_Broad_8;Hotspot;;;0;0;;false;false;false;false;FishingHotspotLoot;Broad;12;;;;0;3-6;0;1-1.5;0;0;0;0;0;;0;;false;;0
Hotspot_Broad_9;Hotspot;;;0;0;;false;false;false;false;FishingHotspotLoot;Broad;16;;;;0;3-6;0;1-1.5;0;0;0;0;0;;0;;false;;0
Hotspot_Broad_10;Hotspot;;;0;0;;false;false;false;false;FishingHotspotLoot;Broad;16;;;;0;3-6;0;1-1.5;0;0;0;0;0;;0;;false;;0
Hotspot_Broad_11;Hotspot;;;0;0;;false;false;false;false;FishingHotspotLoot;Broad;20;;;;0;3-6;0;1-1.5;0;0;0;0;0;;0;;false;;0
Hotspot_Broad_12;Hotspot;;;0;0;;false;false;false;false;FishingHotspotLoot;Broad;25;;;;0;3-6;0;1-1.5;0;0;0;0;0;;0;;false;;0
Hotspot_Broad_13;Hotspot;;;0;0;;false;false;false;false;FishingHotspotLoot;Broad;25;;;;0;3-6;0;1-1.5;0;0;0;0;0;;0;;false;;0
Hotspot_Broad_14;Hotspot;;;0;0;;false;false;false;false;FishingHotspotLoot;Broad;27;;;;0;3-6;0;1-1.5;0;0;0;0;0;;0;;false;;0
Hotspot_Broad_15;Hotspot;;;0;0;;false;false;false;false;FishingHotspotLoot;Broad;30;;;;0;3-6;0;1-1.5;0;0;0;0;0;;0;;false;;0
Hotspot_Broad_16;Hotspot;;;0;0;;false;false;false;false;FishingHotspotLoot;Broad;34;;;;0;3-6;0;1-1.5;0;0;0;0;0;;0;;false;;0
Hotspot_Broad_17;Hotspot;;;0;0;;false;false;false;false;FishingHotspotLoot;Broad;37;;;;0;3-6;0;1-1.5;0;0;0;0;0;;0;;false;;0
Hotspot_Broad_18;Hotspot;;;0;0;;false;false;false;false;FishingHotspotLoot;Broad;37;;;;0;3-6;0;1-1.5;0;0;0;0;0;;0;;false;;0
Hotspot_Broad_19;Hotspot;;;0;0;;false;false;false;false;FishingHotspotLoot;Broad;41;;;;0;3-6;0;1-1.5;0;0;0;0;0;;0;;false;;0
Hotspot_Broad_20;Hotspot;;;0;0;;false;false;false;false;FishingHotspotLoot;Broad;41;;;;0;3-6;0;1-1.5;0;0;0;0;0;;0;;false;;0
Hotspot_Broad_21;Hotspot;;;0;0;;false;false;false;false;FishingHotspotLoot;Broad;45;;;;0;3-6;0;1-1.5;0;0;0;0;0;;0;;false;;0
Hotspot_Broad_22;Hotspot;;;0;0;;false;false;false;false;FishingHotspotLoot;Broad;52;;;;0;3-6;0;1-1.5;0;0;0;0;0;;0;;false;;0
Hotspot_Broad_23;Hotspot;;;0;0;;false;false;false;false;FishingHotspotLoot;Broad;52;;;;0;3-6;0;1-1.5;0;0;0;0;0;;0;;false;;0
Hotspot_Broad_24;Hotspot;;;0;0;;false;false;false;false;FishingHotspotLoot;Broad;56;;;;0;3-6;0;1-1.5;0;0;0;0;0;;0;;false;;0
Hotspot_Broad_25;Hotspot;;;0;0;;false;false;false;false;FishingHotspotLoot;Broad;59;;;;0;3-6;0;1-1.5;0;0;0;0;0;;0;;false;;0
Hotspot_Broad_26;Hotspot;;;0;0;;false;false;false;false;FishingHotspotLoot;Broad;59;;;;0;3-6;0;1-1.5;0;0;0;0;0;;0;;false;;0
Hotspot_Broad_27;Hotspot;;;0;0;;false;false;false;false;FishingHotspotLoot;Broad;70;;;;0;3-6;0;1-1.5;0;0;0;0;0;;0;;false;;0
Hotspot_Rare_28;Hotspot;;;15.989999771118164;0;;false;false;false;false;FishingHotspotLoot;Rare;7;;;;0;3-6;0;1-1.5;0;0;0;0;0;;0;;false;;0
Hotspot_Rare_29;Hotspot;;;15.989999771118164;0;;false;false;false;false;FishingHotspotLoot;Rare;20;;;;0;3-6;0;1-1.5;0;0;0;0;0;;0;;false;;0
Hotspot_Rare_30;Hotspot;;;15.989999771118164;0;;false;false;false;false;FishingHotspotLoot;Rare;30;;;;0;3-6;0;1-1.5;0;0;0;0;0;;0;;false;;0
Hotspot_Rare_31;Hotspot;;;15.989999771118164;0;;false;false;false;false;FishingHotspotLoot;Rare;45;;;;0;3-6;0;1-1.5;0;0;0;0;0;;0;;false;;0
Hotspot_Rare_32;Hotspot;;;15.989999771118164;0;;false;false;false;false;FishingHotspotLoot;Rare;56;;;;0;3-6;0;1-1.5;0;0;0;0;0;;0;;false;;0
Hotspot_Rare_33;Hotspot;;;15.989999771118164;0;;false;false;false;false;FishingHotspotLoot;Rare;60;;;;0;3-6;0;1-1.5;0;0;0;0;0;;0;;false;;0
Hotspot_Rare_34;Hotspot;;;15.989999771118164;0;;false;false;false;false;FishingHotspotLoot;Rare;60;;;;0;3-6;0;1-1.5;0;0;0;0;0;;0;;false;;0
Hotspot_Rare_35;Hotspot;;;15.989999771118164;0;;false;false;false;false;FishingHotspotLoot;Rare;62;;;;0;3-6;0;1-1.5;0;0;0;0;0;;0;;false;;0
Hotspot_Rare_36;Hotspot;;;15.989999771118164;0;;false;false;false;false;FishingHotspotLoot;Rare;67;;;;0;3-6;0;1-1.5;0;0;0;0;0;;0;;false;;0
Hotspot_Rare_37;Hotspot;;;15.989999771118164;0;;false;false;false;false;FishingHotspotLoot;Rare;67;;;;0;3-6;0;1-1.5;0;0;0;0;0;;0;;false;;0
Hotspot_Rare_38;Hotspot;;;15.989999771118164;0;;false;false;false;false;FishingHotspotLoot;Rare;70;;;;0;3-6;0;1-1.5;0;0;0;0;0;;0;;false;;0
Hotspot_Rare_39;Hotspot;;;15.989999771118164;0;;false;false;false;false;FishingHotspotLoot;Rare;74;;;;0;3-6;0;1-1.5;0;0;0;0;0;;0;;false;;0
Hotspot_Rare_40;Hotspot;;;15.989999771118164;0;;false;false;false;false;FishingHotspotLoot;Rare;74;;;;0;3-6;0;1-1.5;0;0;0;0;0;;0;;false;;0
Hotspot_Rare_41;Hotspot;;;15.989999771118164;0;;false;false;false;false;FishingHotspotLoot;Rare;78;;;;0;3-6;0;1-1.5;0;0;0;0;0;;0;;false;;0
Hotspot_Rare_42;Hotspot;;;15.989999771118164;0;;false;false;false;false;FishingHotspotLoot;Rare;83;;;;0;3-6;0;1-1.5;0;0;0;0;0;;0;;false;;0
Hotspot_Rare_43;Hotspot;;;15.989999771118164;0;;false;false;false;false;FishingHotspotLoot;Rare;83;;;;0;3-6;0;1-1.5;0;0;0;0;0;;0;;false;;0
Hotspot_Rare_44;Hotspot;;;15.989999771118164;0;;false;false;false;false;FishingHotspotLoot;Rare;88;;;;0;3-6;0;1-1.5;0;0;0;0;0;;0;;false;;0
Hotspot_Rare_45;Hotspot;;;15.989999771118164;0;;false;false;false;false;FishingHotspotLoot;Rare;95;;;;0;3-6;0;1-1.5;0;0;0;0;0;;0;;false;;0
Hotspot_Rare_46;Hotspot;;;15.989999771118164;0;;false;false;false;false;FishingHotspotLoot;Rare;95;;;;0;3-6;0;1-1.5;0;0;0;0;0;;0;;false;;0
Hotspot_Rare_47;Hotspot;;;15.989999771118164;0;;false;false;false;false;FishingHotspotLoot;Rare;99;;;;0;3-6;0;1-1.5;0;0;0;0;0;;0;;false;;0
Hotspot_Rare_48;Hotspot;;;15.989999771118164;0;;false;false;false;false;FishingHotspotLoot;Rare;103;;;;0;3-6;0;1-1.5;0;0;0;0;0;;0;;false;;0
Hotspot_Rare_49;Hotspot;;;15.989999771118164;0;;false;false;false;false;FishingHotspotLoot;Rare;110;;;;0;3-6;0;1-1.5;0;0;0;0;0;;0;;false;;0
Hotspot_Rare_50;Hotspot;;;15.989999771118164;0;;false;false;false;false;FishingHotspotLoot;Rare;114;;;;0;3-6;0;1-1.5;0;0;0;0;0;;0;;false;;0
Hotspot_Rare_51;Hotspot;;;15.989999771118164;0;;false;false;false;false;FishingHotspotLoot;Rare;117;;;;0;3-6;0;1-1.5;0;0;0;0;0;;0;;false;;0
Hotspot_Rare_52;Hotspot;;;15.989999771118164;0;;false;false;false;false;FishingHotspotLoot;Rare;141;;;;0;3-6;0;1-1.5;0;0;0;0;0;;0;;false;;0
Hotspot_Secret_53;Hotspot;;;24.329999923706055;0;;false;false;false;false;FishingHotspotLoot;Secret;12;;;;0;3-6;0;1-1.5;0;0;0;0;0;;0;;false;;0
Hotspot_Secret_54;Hotspot;;;24.329999923706055;0;;false;false;false;false;FishingHotspotLoot;Secret;27;;;;0;3-6;0;1-1.5;0;0;0;0;0;;0;;false;;0
Hotspot_Secret_55;Hotspot;;;24.329999923706055;0;;false;false;false;false;FishingHotspotLoot;Secret;62;;;;0;3-6;0;1-1.5;0;0;0;0;0;;0;;false;;0
Hotspot_Secret_56;Hotspot;;;24.329999923706055;0;;false;false;false;false;FishingHotspotLoot;Secret;70;;;;0;3-6;0;1-1.5;0;0;0;0;0;;0;;false;;0
Hotspot_Secret_57;Hotspot;;;24.329999923706055;0;;false;false;false;false;FishingHotspotLoot;Secret;88;;;;0;3-6;0;1-1.5;0;0;0;0;0;;0;;false;;0
Hotspot_Secret_58;Hotspot;;;24.329999923706055;0;;false;false;false;false;FishingHotspotLoot;Secret;99;;;;0;3-6;0;1-1.5;0;0;0;0;0;;0;;false;;0
Hotspot_Secret_59;Hotspot;;;24.329999923706055;0;;false;false;false;false;FishingHotspotLoot;Secret;110;;;;0;3-6;0;1-1.5;0;0;0;0;0;;0;;false;;0
Hotspot_Secret_60;Hotspot;;;24.329999923706055;0;;false;false;false;false;FishingHotspotLoot;Secret;117;;;;0;3-6;0;1-1.5;0;0;0;0;0;;0;;false;;0
Hotspot_Secret_61;Hotspot;;;24.329999923706055;0;;false;false;false;false;FishingHotspotLoot;Secret;117;;;;0;3-6;0;1-1.5;0;0;0;0;0;;0;;false;;0
Hotspot_Secret_62;Hotspot;;;24.329999923706055;0;;false;false;false;false;FishingHotspotLoot;Secret;128;;;;0;3-6;0;1-1.5;0;0;0;0;0;;0;;false;;0
Hotspot_Secret_63;Hotspot;;;24.329999923706055;0;;false;false;false;false;FishingHotspotLoot;Secret;134;;;;0;3-6;0;1-1.5;0;0;0;0;0;;0;;false;;0
Hotspot_Secret_64;Hotspot;;;24.329999923706055;0;;false;false;false;false;FishingHotspotLoot;Secret;141;;;;0;3-6;0;1-1.5;0;0;0;0;0;;0;;false;;0
Hotspot_Secret_65;Hotspot;;;24.329999923706055;0;;false;false;false;false;FishingHotspotLoot;Secret;148;;;;0;3-6;0;1-1.5;0;0;0;0;0;;0;;false;;0
Hotspot_Secret_66;Hotspot;;;24.329999923706055;0;;false;false;false;false;FishingHotspotLoot;Secret;153;;;;0;3-6;0;1-1.5;0;0;0;0;0;;0;;false;;0
Hotspot_Secret_67;Hotspot;;;24.329999923706055;0;;false;false;false;false;FishingHotspotLoot;Secret;158;;;;0;3-6;0;1-1.5;0;0;0;0;0;;0;;false;;0
Hotspot_Secret_68;Hotspot;;;24.329999923706055;0;;false;false;false;false;FishingHotspotLoot;Secret;158;;;;0;3-6;0;1-1.5;0;0;0;0;0;;0;;false;;0
Hotspot_Secret_69;Hotspot;;;24.329999923706055;0;;false;false;false;false;FishingHotspotLoot;Secret;165;;;;0;3-6;0;1-1.5;0;0;0;0;0;;0;;false;;0
Hotspot_Secret_70;Hotspot;;;24.329999923706055;0;;false;false;false;false;FishingHotspotLoot;Secret;172;;;;0;3-6;0;1-1.5;0;0;0;0;0;;0;;false;;0
Hotspot_Secret_71;Hotspot;;;24.329999923706055;0;;false;false;false;false;FishingHotspotLoot;Secret;179;;;;0;3-6;0;1-1.5;0;0;0;0;0;;0;;false;;0
Hotspot_Secret_72;Hotspot;;;24.329999923706055;0;;false;false;false;false;FishingHotspotLoot;Secret;185;;;;0;3-6;0;1-1.5;0;0;0;0;0;;0;;false;;0
Hotspot_Secret_73;Hotspot;;;24.329999923706055;0;;false;false;false;false;FishingHotspotLoot;Secret;185;;;;0;3-6;0;1-1.5;0;0;0;0;0;;0;;false;;0
Hotspot_Secret_74;Hotspot;;;24.329999923706055;0;;false;false;false;false;FishingHotspotLoot;Secret;190;;;;0;3-6;0;1-1.5;0;0;0;0;0;;0;;false;;0
Hotspot_Secret_75;Hotspot;;;24.329999923706055;0;;false;false;false;false;FishingHotspotLoot;Secret;193;;;;0;3-6;0;1-1.5;0;0;0;0;0;;0;;false;;0
Hotspot_Secret_76;Hotspot;;;24.329999923706055;0;;false;false;false;false;FishingHotspotLoot;Secret;193;;;;0;3-6;0;1-1.5;0;0;0;0;0;;0;;false;;0
Hotspot_Secret_77;Hotspot;;;24.329999923706055;0;;false;false;false;false;FishingHotspotLoot;Secret;197;;;;0;3-6;0;1-1.5;0;0;0;0;0;;0;;false;;0
Hotspot_Secret_78;Hotspot;;;24.329999923706055;0;;false;false;false;false;FishingHotspotLoot;Secret;200;;;;0;3-6;0;1-1.5;0;0;0;0;0;;0;;false;;0
Hotspot_Secret_79;Hotspot;;;24.329999923706055;0;;false;false;false;false;FishingHotspotLoot;Secret;200;;;;0;3-6;0;1-1.5;0;0;0;0;0;;0;;false;;0
Hotspot_Secret_80;Hotspot;;;24.329999923706055;0;;false;false;false;false;FishingHotspotLoot;Secret;200;;;;0;3-6;0;1-1.5;0;0;0;0;0;;0;;false;;0
2hFishingPoleT1;FishingPole;5-12;;0;0;;false;false;false;false;;;0;;;;0;;0;;8;0;12.5;0;27.5;;0;;false;;0
2hFishingPoleT2;FishingPole;5-14;;0.25;0;;false;false;false;false;;;0;;;;0;;0;;8;0;12.5;0;30;;0;;false;;0
2hFishingPoleT3;FishingPole;5-16;;0.75;0;;false;false;false;false;;;0;;;;0;;0;;8;0;12.5;0;32.5;;0;;false;;0
2hFishingPoleT4;FishingPole;5-18;;1;0;;false;false;false;false;;;0;;;;0;;0;;8;0;12.5;0;35;;0;;false;;0
2hFishingPoleT5;FishingPole;5-20;;1.25;0;;false;false;false;false;;;0;;;;0;;0;;8;0;12.5;0;37.5;;0;;false;;0
2hFishingPole_Ancient;FishingPole;5-20;;1.25;0;;false;false;false;false;;;0;;;;0;;0;;8;0;12.5;0;37.5;;0;;false;;0
2hFishingPole_AngryEarth;FishingPole;5-20;;1.25;0;;false;false;false;false;;;0;;;;0;;0;;8;0;12.5;0;37.5;;0;;false;;0
2hFishingPole_Corrupted;FishingPole;5-20;;1.25;0;;false;false;false;false;;;0;;;;0;;0;;8;0;12.5;0;37.5;;0;;false;;0
2hFishingPole_Lost;FishingPole;5-20;;1.25;0;;false;false;false;false;;;0;;;;0;;0;;8;0;12.5;0;37.5;;0;;false;;0
2hFishingPole_LegendaryAzoth;FishingPole;5-20;;1.25;0;;false;false;false;false;;;0;;;;0;;0;;8;0;12.5;0;37.5;;0;;false;;0
2hFishingPole_LegendaryStrength;FishingPole;5-20;;1.25;0;;false;false;false;false;;;0;;;;0;;0;;8;0;12.5;0;37.5;;0;;false;;0
2hFishingPole_LegendaryTech;FishingPole;5-20;;1.25;0;;false;false;false;false;;;0;;;;0;;0;;8;0;12.5;0;37.5;;0;;false;;0
BaitFreshMeatT1;Bait;;;0;1.5;Fresh;true;true;true;true;;;0;;;;0;;0.5;;0;0;0;0;0;;0;;false;;0
BaitFreshBreadT1;Bait;;;0.4699999988079071;0;Fresh;true;true;true;true;;;0;;;;0;;0.5;;0;0;0;0;0;;0;;false;;0
BaitSaltFishT1;Bait;;;0;1.5;Salt;true;true;true;true;;;0;;;;0;;0.5;;0;0;0;0;0;;0;;false;;0
BaitSaltCheeseT1;Bait;;;0.4699999988079071;0;Salt;true;true;true;true;;;0;;;;0;;0.5;;0;0;0;0;0;;0;;false;;0
BaitFreshClamT2;Bait;;;0;3;Fresh;true;true;true;true;;;0;;;;0;;0.5;;0;0;0;0;0;;0;;false;;0
BaitFreshWoodliceT2;Bait;;;0.699999988079071;0;Fresh;true;true;true;true;;;0;;;;0;;0.5;;0;0;0;0;0;;0;;false;;0
BaitSaltSnailT2;Bait;;;0;3;Salt;true;true;true;true;;;0;;;;0;;0.5;;0;0;0;0;0;;0;;false;;0
BaitSaltNightcrawlerT2;Bait;;;0.699999988079071;0;Salt;true;true;true;true;;;0;;;;0;;0.5;;0;0;0;0;0;;0;;false;;0
BaitFreshOysterT3;Bait;;;0;5;Fresh;true;true;true;true;;;0;;;;0;;0.5;;0;0;0;0;0;;0;;false;;0
BaitFreshFireflyT3;Bait;;;0.8500000238418579;0;Fresh;true;true;true;true;;;0;;;;0;;0.5;;0;0;0;0;0;;0;;false;;0
BaitSaltElectricEelT3;Bait;;;0;5;Salt;true;true;true;true;;;0;;;;0;;0.5;;0;0;0;0;0;;0;;false;;0
BaitSaltGlowwormT3;Bait;;;0.8500000238418579;0;Salt;true;true;true;true;;;0;;;;0;;0.5;;0;0;0;0;0;;0;;false;;0
FishingBassSmallT1;Catchables;;;0;0;;false;false;false;false;;;0;Small;0-1;5-8;100;;0;;0;0.20000000298023224;0;0.800000011920929;0;Lazy,Sporadic,SporadicEasy;0;;false;Objects\Characters\npc\natural\fish\Fish_B_Bass.cdf;0.5
FishingBassMediumT1;Catchables;;;0;0;;false;false;false;false;;;0;Medium;1-5;9-15;110;;0;;0;0.15000000596046448;0;1.2000000476837158;0;Lazy,LateAggressive,Sporadic,SporadicEasy;0;;false;Objects\Characters\npc\natural\fish\Fish_B_Bass.cdf;0.699999988079071
FishingBassLargeT1;Catchables;;;0;0;;false;false;false;false;;;0;Large;5-10;16-28;120;;0;;0;0.10000000149011612;0;1.399999976158142;0;Lazy,EarlyAggressive,LateAggressive,Sporadic;0;;false;Objects\Characters\npc\natural\fish\Fish_B_Bass.cdf;1
FishingPerchSmallT1;Catchables;;;0;0;;false;false;false;false;;;0;Small;0-1;7-9;100;;0;;0;0.20000000298023224;0;0.800000011920929;0;Lazy,Sporadic,SporadicEasy;0;;false;Objects\Characters\npc\natural\fish\Fish_A_YellowPerch.cdf;0.30000001192092896
FishingPerchMediumT1;Catchables;;;0;0;;false;false;false;false;;;0;Medium;1-2;10-13;110;;0;;0;0.15000000596046448;0;1.2000000476837158;0;Lazy,LateAggressive,Sporadic,SporadicEasy;0;;false;Objects\Characters\npc\natural\fish\Fish_A_YellowPerch.cdf;0.5
FishingPerchLargeT1;Catchables;;;0;0;;false;false;false;false;;;0;Large;2-3;14-19;120;;0;;0;0.10000000149011612;0;1.399999976158142;0;Lazy,EarlyAggressive,LateAggressive,Sporadic;0;;false;Objects\Characters\npc\natural\fish\Fish_A_YellowPerch.cdf;0.699999988079071
FishingPikeSmallT1;Catchables;;;0;0;;false;false;false;false;;;0;Small;1-5;15-21;100;;0;;0;0.20000000298023224;0;0.800000011920929;0;Lazy,Sporadic,SporadicEasy;0;;false;Objects\Characters\npc\natural\fish\Fish_A_Pike.cdf;0.6000000238418579
FishingPikeMediumT1;Catchables;;;0;0;;false;false;false;false;;;0;Medium;5-19;22-34;110;;0;;0;0.15000000596046448;0;1.2000000476837158;0;Lazy,LateAggressive,Sporadic,SporadicEasy;0;;false;Objects\Characters\npc\natural\fish\Fish_A_Pike.cdf;0.75
FishingPikeLargeT1;Catchables;;;0;0;;false;false;false;false;;;0;Large;19-32;35-56;120;;0;;0;0.10000000149011612;0;1.399999976158142;0;Lazy,EarlyAggressive,LateAggressive,Sporadic;0;;false;Objects\Characters\npc\natural\fish\Fish_A_Pike.cdf;1.100000023841858
FishingTroutSmallT1;Catchables;;;0;0;;false;false;false;false;;;0;Small;0-7;9-16;100;;0;;0;0.20000000298023224;0;0.800000011920929;0;Lazy,Sporadic,SporadicEasy;0;;false;Objects\Characters\npc\natural\fish\Fish_A_RainbowTrout.cdf;0.5
FishingTroutMediumT1;Catchables;;;0;0;;false;false;false;false;;;0;Medium;7-17;17-28;110;;0;;0;0.15000000596046448;0;1.2000000476837158;0;Lazy,LateAggressive,Sporadic,SporadicEasy;0;;false;Objects\Characters\npc\natural\fish\Fish_A_RainbowTrout.cdf;0.699999988079071
FishingTroutLargeT1;Catchables;;;0;0;;false;false;false;false;;;0;Large;17-28;29-42;120;;0;;0;0.10000000149011612;0;1.399999976158142;0;Lazy,EarlyAggressive,LateAggressive,Sporadic;0;;false;Objects\Characters\npc\natural\fish\Fish_A_RainbowTrout.cdf;1
FishingSunfishSmallT1;Catchables;;;0;0;;false;false;false;false;;;0;Small;0-1;4-6;100;;0;;0;0.20000000298023224;0;0.800000011920929;0;Lazy,Sporadic,SporadicEasy;0;;false;Objects\Characters\npc\natural\fish\Fish_B_Sunfish.cdf;0.3499999940395355
FishingSunfishMediumT1;Catchables;;;0;0;;false;false;false;false;;;0;Medium;1-2;7-10;110;;0;;0;0.15000000596046448;0;1.2000000476837158;0;Lazy,LateAggressive,Sporadic,SporadicEasy;0;;false;Objects\Characters\npc\natural\fish\Fish_B_Sunfish.cdf;0.550000011920929
FishingSunfishLargeT1;Catchables;;;0;0;;false;false;false;false;;;0;Large;2-3;11-15;120;;0;;0;0.10000000149011612;0;1.399999976158142;0;Lazy,EarlyAggressive,LateAggressive,Sporadic;0;;false;Objects\Characters\npc\natural\fish\Fish_B_Sunfish.cdf;0.75
FishingSalmonSmallT1;Catchables;;;0;0;;false;false;false;false;;;0;Small;2-9;15-19;100;;0;;0;0.20000000298023224;0;0.800000011920929;0;Lazy,Sporadic,SporadicEasy;0;;false;Objects\Characters\npc\natural\fish\Fish_A_SockeyeSalmon.cdf;0.6000000238418579
FishingSalmonMediumT1;Catchables;;;0;0;;false;false;false;false;;;0;Medium;9-25;20-29;110;;0;;0;0.15000000596046448;0;1.2000000476837158;0;Lazy,LateAggressive,Sporadic,SporadicEasy;0;;false;Objects\Characters\npc\natural\fish\Fish_A_SockeyeSalmon.cdf;0.75
FishingSalmonLargeT1;Catchables;;;0;0;;false;false;false;false;;;0;Large;25-36;30-45;120;;0;;0;0.10000000149011612;0;1.399999976158142;0;Lazy,EarlyAggressive,LateAggressive,Sporadic;0;;false;Objects\Characters\npc\natural\fish\Fish_A_SockeyeSalmon.cdf;1.100000023841858
FishingMackerelSmallT1;Catchables;;;0;0;;false;false;false;false;;;0;Small;0-1;2-7;100;;0;;0;0.20000000298023224;0;0.800000011920929;0;Lazy,Sporadic,SporadicEasy;0;;false;Objects\Characters\npc\natural\fish\Fish_A_AtlanticMackerel.cdf;0.5
FishingMackerelMediumT1;Catchables;;;0;0;;false;false;false;false;;;0;Medium;1-4;8-16;110;;0;;0;0.15000000596046448;0;1.2000000476837158;0;Lazy,LateAggressive,Sporadic,SporadicEasy;0;;false;Objects\Characters\npc\natural\fish\Fish_A_AtlanticMackerel.cdf;0.699999988079071
FishingMackerelLargeT1;Catchables;;;0;0;;false;false;false;false;;;0;Large;4-6;16-20;120;;0;;0;0.10000000149011612;0;1.399999976158142;0;Lazy,EarlyAggressive,LateAggressive,Sporadic;0;;false;Objects\Characters\npc\natural\fish\Fish_A_AtlanticMackerel.cdf;1
FishingSnapperSmallT1;Catchables;;;0;0;;false;false;false;false;;;0;Small;1-10;10-16;100;;0;;0;0.20000000298023224;0;0.800000011920929;0;Lazy,Sporadic,SporadicEasy;0;;false;Objects\Characters\npc\natural\fish\Fish_A_Snapper.cdf;0.4000000059604645
FishingSnapperMediumT1;Catchables;;;0;0;;false;false;false;false;;;0;Medium;10-19;17-29;110;;0;;0;0.15000000596046448;0;1.2000000476837158;0;Lazy,LateAggressive,Sporadic,SporadicEasy;0;;false;Objects\Characters\npc\natural\fish\Fish_A_Snapper.cdf;0.6000000238418579
FishingSnapperLargeT1;Catchables;;;0;0;;false;false;false;false;;;0;Large;19-35;30-50;120;;0;;0;0.10000000149011612;0;1.399999976158142;0;Lazy,EarlyAggressive,LateAggressive,Sporadic;0;;false;Objects\Characters\npc\natural\fish\Fish_A_Snapper.cdf;0.75
FishingFlounderSmallT1;Catchables;;;0;0;;false;false;false;false;;;0;Small;0-12;10-20;100;;0;;0;0.20000000298023224;0;0.800000011920929;0;Lazy,Sporadic,SporadicEasy;0;;false;Objects\Characters\npc\natural\fish\Fish_B_Flounder.cdf;0.4000000059604645
FishingFlounderMediumT1;Catchables;;;0;0;;false;false;false;false;;;0;Medium;12-22;21-31;110;;0;;0;0.15000000596046448;0;1.2000000476837158;0;Lazy,LateAggressive,Sporadic,SporadicEasy;0;;false;Objects\Characters\npc\natural\fish\Fish_B_Flounder.cdf;0.6000000238418579
FishingFlounderLargeT1;Catchables;;;0;0;;false;false;false;false;;;0;Large;22-30;32-46;120;;0;;0;0.10000000149011612;0;1.399999976158142;0;Lazy,EarlyAggressive,LateAggressive,Sporadic;0;;false;Objects\Characters\npc\natural\fish\Fish_B_Flounder.cdf;0.75
FishingBluefishSmallT1;Catchables;;;0;0;;false;false;false;false;;;0;Small;0-5;4-14;100;;0;;0;0.20000000298023224;0;0.800000011920929;0;Lazy,Sporadic,SporadicEasy;0;;false;Objects\Characters\npc\natural\fish\Fish_B_Bluefish.cdf;0.5
FishingBluefishMediumT1;Catchables;;;0;0;;false;false;false;false;;;0;Medium;5-18;15-34;110;;0;;0;0.15000000596046448;0;1.2000000476837158;0;Lazy,LateAggressive,Sporadic,SporadicEasy;0;;false;Objects\Characters\npc\natural\fish\Fish_B_Bluefish.cdf;0.699999988079071
FishingBluefishLargeT1;Catchables;;;0;0;;false;false;false;false;;;0;Large;18-35;35-48;120;;0;;0;0.10000000149011612;0;1.399999976158142;0;Lazy,EarlyAggressive,LateAggressive,Sporadic;0;;false;Objects\Characters\npc\natural\fish\Fish_B_Bluefish.cdf;1
FishingHakeSmallT1;Catchables;;;0;0;;false;false;false;false;;;0;Small;0-12;10-18;100;;0;;0;0.20000000298023224;0;0.800000011920929;0;Lazy,Sporadic,SporadicEasy;0;;false;Objects\Crafting\Props\FoodStuffs\Fish\FishingKit_11\Jav_Prp_Hake.cdf;0.5
FishingHakeMediumT1;Catchables;;;0;0;;false;false;false;false;;;0;Medium;12-18;19-32;110;;0;;0;0.15000000596046448;0;1.2000000476837158;0;Lazy,LateAggressive,Sporadic,SporadicEasy;0;;false;Objects\Crafting\Props\FoodStuffs\Fish\FishingKit_11\Jav_Prp_Hake.cdf;0.699999988079071
FishingHakeLargeT1;Catchables;;;0;0;;false;false;false;false;;;0;Large;18-37;33-44;120;;0;;0;0.10000000149011612;0;1.399999976158142;0;Lazy,EarlyAggressive,LateAggressive,Sporadic;0;;false;Objects\Crafting\Props\FoodStuffs\Fish\FishingKit_11\Jav_Prp_Hake.cdf;1
FishingSturgeonSmallT2;Catchables;;;0;0;;false;false;false;false;;;0;Small;1-12;20-29;150;;0;;0;0.20000000298023224;0;0.800000011920929;0;EarlyAggressive,LateAggressive,Sporadic;0;;true;Objects\Crafting\Props\FoodStuffs\Fish\FishingKit_11\Jav_Prp_Sturgeon.cdf;0.699999988079071
FishingSturgeonMediumT2;Catchables;;;0;0;;false;false;false;false;;;0;Medium;12-40;29-39;156;;0;;0;0.15000000596046448;0;1.2000000476837158;0;EarlyAggressive,LateAggressive,TotalAggressive,Sporadic;0;;true;Objects\Crafting\Props\FoodStuffs\Fish\FishingKit_11\Jav_Prp_Sturgeon.cdf;1
FishingSturgeonLargeT2;Catchables;;;0;0;;false;false;false;false;;;0;Large;40-77;40-67;163;;0;;0;0.10000000149011612;0;1.399999976158142;0;EarlyAggressive,LateAggressive,TotalAggressive,Sporadic;0;;true;Objects\Crafting\Props\FoodStuffs\Fish\FishingKit_11\Jav_Prp_Sturgeon.cdf;1.2000000476837158
FishingCatfishSmallT2;Catchables;;;0;0;;false;false;false;false;;;0;Small;4-12;15-19;150;;0;;0;0.20000000298023224;0;0.800000011920929;0;EarlyAggressive,LateAggressive,Sporadic;0;;true;Objects\Characters\npc\natural\fish\Fish_B_Catfish.cdf;0.6000000238418579
FishingCatfishMediumT2;Catchables;;;0;0;;false;false;false;false;;;0;Medium;12-31;20-29;156;;0;;0;0.15000000596046448;0;1.2000000476837158;0;EarlyAggressive,LateAggressive,TotalAggressive,Sporadic;0;;true;Objects\Characters\npc\natural\fish\Fish_B_Catfish.cdf;0.75
FishingCatfishLargeT2;Catchables;;;0;0;;false;false;false;false;;;0;Large;31-60;30-50;163;;0;;0;0.10000000149011612;0;1.399999976158142;0;EarlyAggressive,LateAggressive,TotalAggressive,Sporadic;0;;true;Objects\Characters\npc\natural\fish\Fish_B_Catfish.cdf;1.100000023841858
FishingTadpolesSmallT2;Catchables;;;0;0;;false;false;false;false;;;0;Small;0-1;3-6;156;;0;;0;0.20000000298023224;0;0.800000011920929;0;LateAggressive,Sporadic,SporadicEasy;0;;true;Objects\Crafting\Props\FoodStuffs\Fish\FishingKit_09\Jav_Prp_Tadpole.cdf;0.5
FishingSnailSmallT2;Catchables;;;0;0;;false;false;false;false;;;0;Small;0-1;3-5;156;;0;;0;0.20000000298023224;0;0.800000011920929;0;LateAggressive,Sporadic,SporadicEasy;0;;true;Objects\Crafting\Props\FoodStuffs\Fish\FishingKit_10\Jav_Prp_Snail.cdf;0.25
FishingCodSmallT2;Catchables;;;0;0;;false;false;false;false;;;0;Small;3-12;17-28;150;;0;;0;0.20000000298023224;0;0.800000011920929;0;EarlyAggressive,LateAggressive,Sporadic;0;;true;Objects\Crafting\Props\FoodStuffs\Fish\FishingKit_11\Jav_Prp_Cod.cdf;0.30000001192092896
FishingCodMediumT2;Catchables;;;0;0;;false;false;false;false;;;0;Medium;12-28;29-39;156;;0;;0;0.15000000596046448;0;1.2000000476837158;0;EarlyAggressive,LateAggressive,TotalAggressive,Sporadic;0;;true;Objects\Crafting\Props\FoodStuffs\Fish\FishingKit_11\Jav_Prp_Cod.cdf;0.5
FishingCodLargeT2;Catchables;;;0;0;;false;false;false;false;;;0;Large;28-54;40-62;163;;0;;0;0.10000000149011612;0;1.399999976158142;0;EarlyAggressive,LateAggressive,TotalAggressive,Sporadic;0;;true;Objects\Crafting\Props\FoodStuffs\Fish\FishingKit_11\Jav_Prp_Cod.cdf;0.800000011920929
FishingHalibutSmallT2;Catchables;;;0;0;;false;false;false;false;;;0;Small;4-18;15-29;150;;0;;0;0.20000000298023224;0;0.800000011920929;0;EarlyAggressive,LateAggressive,Sporadic;0;;true;Objects\Characters\npc\natural\fish\Fish_B_Halibut.cdf;0.5
FishingHalibutMediumT2;Catchables;;;0;0;;false;false;false;false;;;0;Medium;18-38;30-49;156;;0;;0;0.15000000596046448;0;1.2000000476837158;0;EarlyAggressive,LateAggressive,TotalAggressive,Sporadic;0;;true;Objects\Characters\npc\natural\fish\Fish_B_Halibut.cdf;0.699999988079071
FishingHalibutLargeT2;Catchables;;;0;0;;false;false;false;false;;;0;Large;38-64;50-78;163;;0;;0;0.10000000149011612;0;1.399999976158142;0;EarlyAggressive,LateAggressive,TotalAggressive,Sporadic;0;;true;Objects\Characters\npc\natural\fish\Fish_B_Halibut.cdf;0.8999999761581421
FishingClamsSmallT2;Catchables;;;0;0;;false;false;false;false;;;0;Small;0-1;3-6;150;;0;;0;0;0;0.800000011920929;0;LateAggressive,Sporadic,SporadicEasy;0;;true;Objects\Crafting\Props\FoodStuffs\Fish\FishingKit_10\Jav_Prp_Clam.cdf;0.15000000596046448
FishingSquidSmallT2;Catchables;;;0;0;;false;false;false;false;;;0;Small;0-9;7-14;150;;0;;0;0.20000000298023224;0;0.800000011920929;0;EarlyAggressive,LateAggressive,Sporadic;0;;true;Objects\Characters\npc\natural\fish\jav_prp_squid.cdf;0.5
FishingSquidMediumT2;Catchables;;;0;0;;false;false;false;false;;;0;Medium;9-18;15-29;156;;0;;0;0.15000000596046448;0;1.2000000476837158;0;EarlyAggressive,LateAggressive,TotalAggressive,Sporadic;0;;true;Objects\Characters\npc\natural\fish\jav_prp_squid.cdf;0.699999988079071
FishingSquidLargeT2;Catchables;;;0;0;;false;false;false;false;;;0;Large;18-28;30-49;163;;0;;0;0.10000000149011612;0;1.399999976158142;0;EarlyAggressive,LateAggressive,TotalAggressive,Sporadic;0;;true;Objects\Characters\npc\natural\fish\jav_prp_squid.cdf;1
FishingElectricEelSmallT3;Catchables;;;0;0;;false;false;false;false;;;0;Small;1-12;8-21;175;;0;;0;0.20000000298023224;0;0.800000011920929;0;EarlyAggressive,LateAggressive,TotalAggressive;0;;true;Objects\Characters\npc\natural\fish\Jav_Prp_electriceel.cdf;0.5
FishingElectricEelMediumT3;Catchables;;;0;0;;false;false;false;false;;;0;Medium;12-19;22-39;188;;0;;0;0.15000000596046448;0;1.2000000476837158;0;EarlyAggressive,LateAggressive,TotalAggressive;0;;true;Objects\Characters\npc\natural\fish\Jav_Prp_electriceel.cdf;0.699999988079071
FishingElectricEelLargeT3;Catchables;;;0;0;;false;false;false;false;;;0;Large;19-33;40-66;200;;0;;0;0.10000000149011612;0;1.399999976158142;0;EarlyAggressive,LateAggressive,TotalAggressive;0;;true;Objects\Characters\npc\natural\fish\Jav_Prp_electriceel.cdf;1
FishingPiranhaSmallT3;Catchables;;;0;0;;false;false;false;false;;;0;Small;1-5;6-7;175;;0;;0;0.20000000298023224;0;0.800000011920929;0;EarlyAggressive,LateAggressive,TotalAggressive;0;;true;Objects\Crafting\Props\FoodStuffs\Fish\FishingKit_09\Jav_Prp_Piranha.cdf;0.30000001192092896
FishingPiranhaMediumT3;Catchables;;;0;0;;false;false;false;false;;;0;Medium;5-8;8-10;188;;0;;0;0.15000000596046448;0;1.2000000476837158;0;EarlyAggressive,LateAggressive,TotalAggressive;0;;true;Objects\Crafting\Props\FoodStuffs\Fish\FishingKit_09\Jav_Prp_Piranha.cdf;0.5
FishingPiranhaLargeT3;Catchables;;;0;0;;false;false;false;false;;;0;Large;8-13;11-16;200;;0;;0;0.10000000149011612;0;1.399999976158142;0;EarlyAggressive,LateAggressive,TotalAggressive;0;;true;Objects\Crafting\Props\FoodStuffs\Fish\FishingKit_09\Jav_Prp_Piranha.cdf;0.800000011920929
FishingPaddlefishSmallT3;Catchables;;;0;0;;false;false;false;false;;;0;Small;3-15;17-26;175;;0;;0;0.20000000298023224;0;0.800000011920929;0;EarlyAggressive,LateAggressive,TotalAggressive;0;;true;Objects\Crafting\Props\FoodStuffs\Fish\Fishing_Kit04\jav_prp_paddlefish_.cdf;0.5
FishingPaddlefishMediumT3;Catchables;;;0;0;;false;false;false;false;;;0;Medium;15-32;27-39;188;;0;;0;0.15000000596046448;0;1.2000000476837158;0;EarlyAggressive,LateAggressive,TotalAggressive;0;;true;Objects\Crafting\Props\FoodStuffs\Fish\Fishing_Kit04\jav_prp_paddlefish_.cdf;0.699999988079071
FishingPaddlefishLargeT3;Catchables;;;0;0;;false;false;false;false;;;0;Large;32-54;40-62;200;;0;;0;0.10000000149011612;0;1.399999976158142;0;EarlyAggressive,LateAggressive,TotalAggressive;0;;true;Objects\Crafting\Props\FoodStuffs\Fish\Fishing_Kit04\jav_prp_paddlefish_.cdf;1
FishingSpeartoothSharkSmallT3;Catchables;;;0;0;;false;false;false;false;;;0;Small;4-18;23-39;175;;0;;0;0.20000000298023224;0;0.800000011920929;0;EarlyAggressive,LateAggressive,TotalAggressive;0;;true;Objects\Crafting\Props\FoodStuffs\Fish\Fishing_Kit03\jav_prp_sharkspeartooth1.cdf;0.5
FishingSpeartoothSharkMediumT3;Catchables;;;0;0;;false;false;false;false;;;0;Medium;18-49;40-79;188;;0;;0;0.15000000596046448;0;1.2000000476837158;0;EarlyAggressive,LateAggressive,TotalAggressive;0;;true;Objects\Crafting\Props\FoodStuffs\Fish\Fishing_Kit03\jav_prp_sharkspeartooth1.cdf;0.800000011920929
FishingSpeartoothSharkLargeT3;Catchables;;;0;0;;false;false;false;false;;;0;Large;50-81;80-105;200;;0;;0;0.10000000149011612;0;1.399999976158142;0;EarlyAggressive,LateAggressive,TotalAggressive;0;;true;Objects\Crafting\Props\FoodStuffs\Fish\Fishing_Kit03\jav_prp_sharkspeartooth1.cdf;1.2000000476837158
FishingMadtomSmallT3;Catchables;;;0;0;;false;false;false;false;;;0;Small;0-1;1-3;175;;0;;0;0.20000000298023224;0;0.800000011920929;0;EarlyAggressive,LateAggressive,TotalAggressive;0;;true;Objects\Characters\npc\natural\fish\jav_prp_madtom.cdf;0.5
FishingMadtomMediumT3;Catchables;;;0;0;;false;false;false;false;;;0;Medium;1-2;4-6;188;;0;;0;0.15000000596046448;0;1.2000000476837158;0;EarlyAggressive,LateAggressive,TotalAggressive;0;;true;Objects\Characters\npc\natural\fish\jav_prp_madtom.cdf;0.699999988079071
FishingMadtomLargeT3;Catchables;;;0;0;;false;false;false;false;;;0;Large;2-3;7-10;200;;0;;0;0.10000000149011612;0;1.399999976158142;0;EarlyAggressive,LateAggressive,TotalAggressive;0;;true;Objects\Characters\npc\natural\fish\jav_prp_madtom.cdf;1
FishingFrogfishSmallT3;Catchables;;;0;0;;false;false;false;false;;;0;Small;0-2;1-7;175;;0;;0;0.20000000298023224;0;0.800000011920929;0;EarlyAggressive,LateAggressive,TotalAggressive;0;;true;Objects\Crafting\Props\FoodStuffs\Fish\Fishing_Kit01\Jav_Prp_Frogfish.cdf;0.15000000596046448
FishingFrogfishMediumT3;Catchables;;;0;0;;false;false;false;false;;;0;Medium;2-3;7-14;188;;0;;0;0.15000000596046448;0;1.2000000476837158;0;EarlyAggressive,LateAggressive,TotalAggressive;0;;true;Objects\Crafting\Props\FoodStuffs\Fish\Fishing_Kit01\Jav_Prp_Frogfish.cdf;0.30000001192092896
FishingFrogfishLargeT3;Catchables;;;0;0;;false;false;false;false;;;0;Large;3-6;15-22;200;;0;;0;0.10000000149011612;0;1.399999976158142;0;EarlyAggressive,LateAggressive,TotalAggressive;0;;true;Objects\Crafting\Props\FoodStuffs\Fish\Fishing_Kit01\Jav_Prp_Frogfish.cdf;0.6000000238418579
FishingDragonFishSmallT3;Catchables;;;0;0;;false;false;false;false;;;0;Small;0-1;1-3;175;;0;;0;0.20000000298023224;0;0.800000011920929;0;EarlyAggressive,LateAggressive,TotalAggressive;0;;true;Objects\Crafting\Props\FoodStuffs\Fish\FishingKit_09\Jav_Prp_DragonFish.cdf;0.30000001192092896
FishingDragonFishMediumT3;Catchables;;;0;0;;false;false;false;false;;;0;Medium;1-2;4-8;188;;0;;0;0.15000000596046448;0;1.2000000476837158;0;EarlyAggressive,LateAggressive,TotalAggressive;0;;true;Objects\Crafting\Props\FoodStuffs\Fish\FishingKit_09\Jav_Prp_DragonFish.cdf;0.5
FishingDragonFishLargeT3;Catchables;;;0;0;;false;false;false;false;;;0;Large;2-3;9-14;200;;0;;0;0.10000000149011612;0;1.399999976158142;0;EarlyAggressive,LateAggressive,TotalAggressive;0;;true;Objects\Crafting\Props\FoodStuffs\Fish\FishingKit_09\Jav_Prp_DragonFish.cdf;0.800000011920929
FishingPearlOysterSmallT3;Catchables;;;0;0;;false;false;false;false;;;0;Small;0-1;4-11;175;;0;;0;0;0;0.800000011920929;0;LateAggressive,Sporadic,SporadicEasy;0;;true;Objects\Crafting\Props\FoodStuffs\Fish\Fishing_Kit01\Jav_Prp_PearlOyster.cdf;0.25
FishingStarfishSmallT3;Catchables;;;0;0;;false;false;false;false;;;0;Small;0-1;4-11;175;;0;;0;0;0;0.800000011920929;0;LateAggressive,Sporadic,SporadicEasy;0;;true;Objects\Crafting\Props\FoodStuffs\Fish\Fishing_Kit01\Jav_Prp_Starfish_A.cdf;0.5
StarfishT1;Catchables;;;0;0;;false;false;false;false;;;0;None;0-1;4-11;175;;0;;0;0;0;0.800000011920929;0;LateAggressive,Sporadic,SporadicEasy;0;;true;Objects\Crafting\Props\FoodStuffs\Fish\Fishing_Kit01\Jav_Prp_Starfish_A.cdf;0.4000000059604645
FishingStingRaySmallT3;Catchables;;;0;0;;false;false;false;false;;;0;Small;1-12;6-19;175;;0;;0;0.20000000298023224;0;0.800000011920929;0;EarlyAggressive,LateAggressive,TotalAggressive;0;;true;Objects\Characters\npc\natural\fish\jav_prp_stingray.cdf;0.6000000238418579
FishingStingRayMediumT3;Catchables;;;0;0;;false;false;false;false;;;0;Medium;12-25;20-35;188;;0;;0;0.15000000596046448;0;1.2000000476837158;0;EarlyAggressive,LateAggressive,TotalAggressive;0;;true;Objects\Characters\npc\natural\fish\jav_prp_stingray.cdf;0.800000011920929
FishingStingRayLargeT3;Catchables;;;0;0;;false;false;false;false;;;0;Large;25-50;36-60;200;;0;;0;0.10000000149011612;0;1.399999976158142;0;EarlyAggressive,LateAggressive,TotalAggressive;0;;true;Objects\Characters\npc\natural\fish\jav_prp_stingray.cdf;1
FishingSculpinSmallT3;Catchables;;;0;0;;false;false;false;false;;;0;Small;0-5;9-11;175;;0;;0;0.20000000298023224;0;0.800000011920929;0;EarlyAggressive,LateAggressive,TotalAggressive;0;;true;Objects\Crafting\Props\FoodStuffs\Fish\Fishing_Kit03\jav_prp_sculpin1.cdf;0.5
FishingSculpinMediumT3;Catchables;;;0;0;;false;false;false;false;;;0;Medium;5-10;12-18;188;;0;;0;0.15000000596046448;0;1.2000000476837158;0;EarlyAggressive,LateAggressive,TotalAggressive;0;;true;Objects\Crafting\Props\FoodStuffs\Fish\Fishing_Kit03\jav_prp_sculpin1.cdf;0.699999988079071
FishingSculpinLargeT3;Catchables;;;0;0;;false;false;false;false;;;0;Large;10-16;19-24;200;;0;;0;0.10000000149011612;0;1.399999976158142;0;EarlyAggressive,LateAggressive,TotalAggressive;0;;true;Objects\Crafting\Props\FoodStuffs\Fish\Fishing_Kit03\jav_prp_sculpin1.cdf;1
FishingSwordfishSmallT3;Catchables;;;0;0;;false;false;false;false;;;0;Small;2-22;12-29;175;;0;;0;0.20000000298023224;0;0.800000011920929;0;EarlyAggressive,LateAggressive,TotalAggressive;0;;true;Objects\Crafting\Props\FoodStuffs\Fish\Fishing_Kit04\jav_prp_swordfish_.cdf;0.5
FishingSwordfishMediumT3;Catchables;;;0;0;;false;false;false;false;;;0;Medium;22-46;30-79;188;;0;;0;0.15000000596046448;0;1.2000000476837158;0;EarlyAggressive,LateAggressive,TotalAggressive;0;;true;Objects\Crafting\Props\FoodStuffs\Fish\Fishing_Kit04\jav_prp_swordfish_.cdf;0.699999988079071
FishingSwordfishLargeT3;Catchables;;;0;0;;false;false;false;false;;;0;Large;46-82;80-124;200;;0;;0;0.10000000149011612;0;1.399999976158142;0;EarlyAggressive,LateAggressive,TotalAggressive;0;;true;Objects\Crafting\Props\FoodStuffs\Fish\Fishing_Kit04\jav_prp_swordfish_.cdf;1.2000000476837158
FishingMerrowT5;Catchables;;;0;0;;false;false;false;false;;;0;None;57;60;550;;0;;0;0.10000000149011612;0;1.399999976158142;0;EarlyAggressive,TotalAggressive;0;;true;Objects\Crafting\Props\FoodStuffs\Fish\VeryRareFish_E1\Jav_Prp_VeryRareFish_E1.cdf;1
FishingAnglerFishT5;Catchables;;;0;0;;false;false;false;false;;;0;None;57;60;550;;0;;0;0.20000000298023224;0;1.399999976158142;0;EarlyAggressive,TotalAggressive;0;;true;Objects\Crafting\Props\FoodStuffs\Fish\VeryRareFish_C1\Jav_Prp_VeryRareFish_C3.cdf;0.800000011920929
FishingBishopFishT5;Catchables;;;0;0;;false;false;false;false;;;0;None;57;60;550;;0;;0;0.20000000298023224;0;1.399999976158142;0;EarlyAggressive,TotalAggressive;0;;true;Objects\Crafting\Props\FoodStuffs\Fish\VeryRareFish_D1\Jav_Prp_VeryRareFish_D1.cdf;1
FishingMoragT5;Catchables;;;0;0;;false;false;false;false;;;0;None;57;60;550;;0;;0;0.20000000298023224;0;1.399999976158142;0;EarlyAggressive,TotalAggressive;0;;true;Objects\Crafting\Props\FoodStuffs\Fish\VeryRareFish_A1\Jav_Prp_VeryRareFish_A1.cdf;0.800000011920929
FishingSelkieT5;Catchables;;;0;0;;false;false;false;false;;;0;None;57;60;550;;0;;0;0.20000000298023224;0;1.399999976158142;0;EarlyAggressive,TotalAggressive;0;;true;Objects\Crafting\Props\FoodStuffs\Fish\VeryRareFish_E1\Jav_Prp_VeryRareFish_E3.cdf;1
FishingMandjeMandjeT5;Catchables;;;0;0;;false;false;false;false;;;0;None;57;60;550;;0;;0;0.20000000298023224;0;1.399999976158142;0;EarlyAggressive,TotalAggressive;0;;true;Objects\Crafting\Props\FoodStuffs\Fish\VeryRareFish_B1\Jav_Prp_VeryRareFish_B2.cdf;1.2000000476837158
FishingEgedeSerpeT5;Catchables;;;0;0;;false;false;false;false;;;0;None;57;60;550;;0;;0;0.20000000298023224;0;1.399999976158142;0;EarlyAggressive,TotalAggressive;0;;true;Objects\Crafting\Props\FoodStuffs\Fish\VeryRareFish_C1\Jav_Prp_VeryRareFish_C4.cdf;0.800000011920929
FishingNamazuT5;Catchables;;;0;0;;false;false;false;false;;;0;None;57;60;550;;0;;0;0.20000000298023224;0;1.399999976158142;0;EarlyAggressive,TotalAggressive;0;;true;Objects\Crafting\Props\FoodStuffs\Fish\VeryRareFish_D1\Jav_Prp_VeryRareFish_D3.cdf;1
FishingOgopogoT5;Catchables;;;0;0;;false;false;false;false;;;0;None;57;60;550;;0;;0;0.20000000298023224;0;1.399999976158142;0;EarlyAggressive,TotalAggressive;0;;true;Objects\Crafting\Props\FoodStuffs\Fish\VeryRareFish_B1\Jav_Prp_VeryRareFish_B1.cdf;1.2000000476837158
FishingTessieT5;Catchables;;;0;0;;false;false;false;false;;;0;None;57;60;550;;0;;0;0.20000000298023224;0;1.399999976158142;0;EarlyAggressive,TotalAggressive;0;;true;Objects\Crafting\Props\FoodStuffs\Fish\VeryRareFish_A1\Jav_Prp_VeryRareFish_A3.cdf;0.800000011920929
FishingHafgufaT5;Catchables;;;0;0;;false;false;false;false;;;0;None;57;60;550;;0;;0;0.20000000298023224;0;1.399999976158142;0;EarlyAggressive,TotalAggressive;0;;true;Objects\Crafting\Props\FoodStuffs\Fish\VeryRareFish_C1\Jav_Prp_VeryRareFish_C1.cdf;0.800000011920929
FishingAbaiaT5;Catchables;;;0;0;;false;false;false;false;;;0;None;57;60;550;;0;;0;0.20000000298023224;0;1.399999976158142;0;EarlyAggressive,TotalAggressive;0;;true;Objects\Crafting\Props\FoodStuffs\Fish\VeryRareFish_B1\Jav_Prp_VeryRareFish_B3.cdf;1.2000000476837158
FishingMerlionT5;Catchables;;;0;0;;false;false;false;false;;;0;None;57;60;550;;0;;0;0.20000000298023224;0;1.399999976158142;0;EarlyAggressive,TotalAggressive;0;;true;Objects\Crafting\Props\FoodStuffs\Fish\VeryRareFish_D1\Jav_Prp_VeryRareFish_D1.cdf;1
FishingMishipeshuT5;Catchables;;;0;0;;false;false;false;false;;;0;None;57;60;550;;0;;0;0.20000000298023224;0;1.399999976158142;0;EarlyAggressive,TotalAggressive;0;;true;Objects\Crafting\Props\FoodStuffs\Fish\VeryRareFish_A1\Jav_Prp_VeryRareFish_A2.cdf;0.800000011920929
FishingSeaweedT1;Catchables;;;0;0;;false;false;false;false;;;0;None;0-1;10;100;;0;;0;0.05000000074505806;0;1.2000000476837158;0;Lazy;0;;false;Objects\Crafting\Props\FoodStuffs\Fish\FishingKit_10\Jav_Prp_Seaweed.cdf;0.30000001192092896
FishingBootT2;Catchables;;;0;0;;false;false;false;false;;;0;None;4-5;12;100;;0;;0;0.05000000074505806;0;1.2000000476837158;0;Lazy;0;;false;Objects\Crafting\Props\catchables\Fishing_Kit05\Jav_Prp_Boot_A.cdf;1
FishingAnchorT2;Catchables;;;0;0;;false;false;false;false;;;0;None;55-56;25;100;;0;;0;0.05000000074505806;0;1.2000000476837158;0;Lazy;0;;false;Objects\Crafting\Props\catchables\Fishing_Kit06\Jav_Prp_Anchor_A.cdf;0.3499999940395355
FishingFishSwordT2;Catchables;;;0;0;;false;false;false;false;;;0;None;12-13;70;100;;0;;0;0.05000000074505806;0;1.2000000476837158;0;Lazy;0;;false;Objects\Crafting\Props\catchables\FishSword\Jav_Prp_FishingSword.cdf;1
FishingHeadedHammerT2;Catchables;;;0;0;;false;false;false;false;;;0;None;9-10;12;100;;0;;0;0.05000000074505806;0;1.2000000476837158;0;Lazy;0;;false;Objects\Crafting\Props\catchables\Fishing_Kit06\Jav_Prp_FishHammer_A.cdf;0.5
FishingOarT2;Catchables;;;0;0;;false;false;false;false;;;0;None;16-17;84;100;;0;;0;0.05000000074505806;0;1.2000000476837158;0;Lazy;0;;false;Objects\Crafting\Props\catchables\Fishing_Kit08\Jav_Prp_OarFishing_A.cdf;1
FishingTreasureChestT3;Catchables;;;0;0;;false;false;false;false;;;0;None;28-30;40;200;;0;;0;0.05000000074505806;0;1.2000000476837158;0;Lazy;0;;true;Objects\Crafting\Props\catchables\Fishing_Kit07\Jav_Prp_ChestFishing.cdf;0.8500000238418579
Lazy;FishBehavior;;;0;0;;false;false;false;false;;;0;;;;0;;0;;0;0;0;0;0;;0;@ui_fishbehavior_lazy;false;;0
EarlyAggressive;FishBehavior;;;0;0;;false;false;false;false;;;0;;;;0;;0;;0;0;0;0;0;;11111000;@ui_fishbehavior_hotheaded;false;;0
LateAggressive;FishBehavior;;;0;0;;false;false;false;false;;;0;;;;0;;0;;0;0;0;0;0;;11111;@ui_fishbehavior_brooding;false;;0
TotalAggressive;FishBehavior;;;0;0;;false;false;false;false;;;0;;;;0;;0;;0;0;0;0;0;;11111110;@ui_fishbehavior_aggressive;false;;0
Sporadic;FishBehavior;;;0;0;;false;false;false;false;;;0;;;;0;;0;;0;0;0;0;0;;10101010;@ui_fishbehavior_sporadic;false;;0
SporadicEasy;FishBehavior;;;0;0;;false;false;false;false;;;0;;;;0;;0;;0;0;0;0;0;;1001001;@ui_fishbehavior_sporadiceasy;false;;0
1323_0101_SlimyBoot;Catchables;;;0;0;;false;false;false;false;;;0;None;3;11;100;;0;;0;0;0;1;0;Lazy;0;;true;Objects\Crafting\Props\catchables\Fishing_Kit05\Jav_Prp_Boot_B.cdf;1
1424_0101_AzothTingedFish;Catchables;;;0;0;;false;false;false;false;;;0;None;40-50;40-70;100;;0;;0;0.20000000298023224;0;1.2999999523162842;0;Sporadic;0;;true;Objects\Crafting\Props\FoodStuffs\Fish\VeryRareFish_E1\Jav_Prp_VeryRareFish_E2.cdf;0.5
0223_0101_BarbedCatfish;Catchables;;;0;0;;false;false;false;false;;;0;None;12-31;20-29;100;;0;;0;0.15000000596046448;0;1.2999999523162842;0;EarlyAggressive;0;;true;Objects\Characters\npc\natural\fish\Fish_B_Catfish.cdf;1.2000000476837158
0223_0101_HookedSquid;Catchables;;;0;0;;false;false;false;false;;;0;None;9-18;15-29;100;;0;;0;0.15000000596046448;0;1.2999999523162842;0;TotalAggressive;0;;true;Objects\Characters\npc\natural\fish\jav_prp_squid.cdf;1.2000000476837158
0724_0101_CorruptionTingedFish;Catchables;;;0;0;;false;false;false;false;;;0;None;66;66;100;;0;;0;0.20000000298023224;0;1.399999976158142;0;TotalAggressive;0;;true;Objects\Crafting\Props\FoodStuffs\Fish\VeryRareFish_C1\Jav_Prp_VeryRareFish_C2.cdf;1