TaskID;Type;FailOnCondition;StayActive;TargetQty;ItemName;ItemDropVC;ItemDropProbability;ChestDropProbability;EnforceLocationRequirement;TerritoryID;POITag;LootTag;PauseAndClearLootOnTaskComplete;AwardOnlyOnce;ShouldCheckPoints;GuranteedDropAttempts;TargetThreshold;CraftingRecipeId;CraftAnyRecipe;InteractTag;UIScreenTag;TriggerAreaType;KillEnemyType;KillEnemyWeaponID;Duration;TaskBuySellType;IsPurchaseOrEarn;IsExactMatch;UseTypeAffix;TypeAffix;UseMatAffix;MatAffix;UseMagicAffix;MagicAffix;MapMarkerMapIcon;MapMarkerTitleLocTag;MapMarkerDescriptionLocTag;MapMarkerWorldPositionX;MapMarkerWorldPositionY;MapMarkerWorldDistanceThreshold;UseLargeItemDisplay;TP_TargetTag;TP_DescriptionTag;TargetDescriptionTaskId;OverrideLocation;TP_StayComplete;IsHidden;CompletedNotificationId;GridLayout;CommunityGoalTag;HideChildren;TriggerAnalyticsEvent;SubTask1;SubTask2;SubTask3;SubTask4;SubTask5
1102_0201_d_00_Container_abandonedduties;ConsecutiveTaskContainer;;0;0;;;0;0;false;;;;false;;;0;;;;;;;;;;;;;;;;;;;;;;;;;0;;;;;;;;;;;;1102_0201_d_01_Task;1102_0201_d_02_Task;1102_0201_d_03_Task;;
1102_0201_d_01_Task;TaskGoToPOITag;;1;1;;;0;0;false;;small_outpost;;true;;;0;;;;;;;;;;;;;;;;;;;;;;;;;0;;@1102_0201_d_01_Task;;;;;;;;;;;;;;
1102_0201_d_02_Task;TaskKillContribution;;1;1;;;0;0;true;;small_outpost;;true;;;0;;;;;;;Ghost_Starved_Named_03;;;;;;;;;;;;;;;;;;0;;@1102_0201_d_02_Task;;;;;;;;;;;;;;
1102_0201_d_03_Task;TaskHaveAndReturnItems;;1;1;1102_0201_Spyglass;;0;100;true;;small_outpost;;true;;;0;;;;;;;;;;;;;;;;;;;;;;;;;0;;@1102_0201_d_03_Task;;;;;;;;;;;;;;
1102_0301_d_00_Container_musslebeard;ConsecutiveTaskContainer;;0;0;;;0;0;false;;;;false;;;0;;;;;;;;;;;;;;;;;;;;;;;;;0;;;;;;;;;;;;1102_0301_d_01_Task;1102_0301_d_02_Container_musslebeard_kills;;;
1102_0301_d_01_Task;TaskGoToPOITag;;0;1;;;0;0;true;;wrecked_galleon_60339;;false;;;0;;;;;;;;;;;;;;;;;;;;;;;;;0;;@1102_0301_d_01_Task;;;;;;;;;;;;;;
1102_0301_d_02_Container_musslebeard_kills;SimpleTaskContainer;;0;0;;;0;0;false;;;;false;;;0;;;;;;;;;;;;;;;;;;;;;;;;;0;;;;;;1;;;;;;1102_0301_d_02a_Task;1102_0301_d_02b_Task;;;
1102_0301_d_02a_Task;TaskKillContribution;;0;12;;;0;0;true;;wrecked_galleon_60339;;false;;;0;;;;;;;Seasong;;;;;;;;;;;;;;;;;;0;;@1102_0301_d_02_Task;;;;;;;;;;;;;;
1102_0301_d_02b_Task;TaskKillContribution;;0;1;;;0;0;true;;wrecked_galleon_60339;;false;;;0;;;;;;;Undead_Officer_Named_06;;;;;;;;;;;;;;;;;;0;;@1102_0301_d_03_Task;;13994.923 7499.414 53.035;;;;;;;;;;;;
1102_0401_d_00_Container_march;ConsecutiveTaskContainer;;0;0;;;0;0;false;;;;false;;;0;;;;;;;;;;;;;;;;;;;;;;;;;0;;;;;;;;;;;;1102_0401_d_01_container_Tasks_foulroot;1102_0401_d_02_container_Tasks_Grus;;;
1102_0401_d_01_container_Tasks_foulroot;ConsecutiveTaskContainer;;0;0;;;0;0;false;;;;false;;;0;;;;;;;;;;;;;;;;;;;;;;;;;0;;;;;;1;;;;;;1102_0401_d_01a_TaskGoTo;1102_0401_d_01b_Container_march_foulroottasks;;;
1102_0401_d_01a_TaskGoTo;TaskGoToPOITag;;1;1;;;0;0;true;;mine;;true;;;0;;;;;;;;;;;;;;;;;;;;;;;;;0;;@1102_0401_d_01a_Task;;;;;;;;;;;;;;
1102_0401_d_01b_Container_march_foulroottasks;SimpleTaskContainer;;0;0;;;0;0;false;;;;false;;;0;;;;;;;;;;;;;;;;;;;;;;;;;0;;;;;;1;;;;;;1102_0401_d_01b_01_Task;1102_0401_d_01b_02_Task;;;
1102_0401_d_01b_01_Task;TaskHaveAndReturnItems;;1;6;1102_0401_CorruptedOre;;0;100;true;;mine;;true;;;0;;;;;;;;;;;;;;;;;;;;;;;;;0;;@1102_0401_d_01b_Task;;;;;;;;;;;;;;
1102_0401_d_01b_02_Task;TaskKillContribution;;1;12;;;0;0;true;;mine;;true;;;0;;;;;;;Wardog;;;;;;;;;;;;;;;;;;0;;@1102_0401_d_01c_Task;;;;;;;;;;;;;;
1102_0401_d_02_container_Tasks_Grus;ConsecutiveTaskContainer;;0;0;;;0;0;false;;;;false;;;0;;;;;;;;;;;;;;;;;;;;;;;;;0;;;;;;1;;;;;;1102_0401_d_02a_TaskGoTo;1102_0401_d_02b_Container_march_grustasks;;;
1102_0401_d_02a_TaskGoTo;TaskGoToPOITag;;1;1;;;0;0;true;;ancient_lookout_highcliff;;true;;;0;;;;;;;;;;;;;;;;;;;;;;;;;0;;@1102_0401_d_02a_Task;;;;;;;;;;;;;;
1102_0401_d_02b_Container_march_grustasks;SimpleTaskContainer;;0;0;;;0;0;false;;;;false;;;0;;;;;;;;;;;;;;;;;;;;;;;;;0;;;;;;1;;;;;;1102_0401_d_02b_01_Task;1102_0401_d_02b_02_Task;;;
1102_0401_d_02b_01_Task;TaskHaveAndReturnItems;;1;4;1102_0401_CorruptedCompass;;0;100;true;;ancient_lookout_highcliff;;true;;;0;;;;;;;;;;;;;;;;;;;;;;;;;0;;@1102_0401_d_02b_Task;;;;;;;;;;;;;;
1102_0401_d_02b_02_Task;TaskKillContribution;;1;10;;;0;0;true;;ancient_lookout_highcliff;;true;;;0;;;;;;;Wardog;;;;;;;;;;;;;;;;;;0;;@1102_0401_d_02c_Task;;;;;;;;;;;;;;
1104_01a01_d_00_Container_crashing;SimpleTaskContainer;;0;0;;;0;0;false;;;;false;;;0;;;;;;;;;;;;;;;;;;;;;;;;;0;;;;;;;;;;;;1104_01a02_d_01_transport_npc_note;1104_01a02_d_02_have_npc_note;;;
1104_01a02_d_01_transport_npc_note;TaskGiveAndTakeItem;;1;1;MI_SummonsNote;;0;100;true;;;;false;;;0;;;;;;;;;;;;;;;;;;;;;;;;;0;;@1104_01a02_d_Task;;;;1;;;;;;;;;;
1104_01a02_d_02_have_npc_note;TaskHaveAndReturnItems;;1;1;MI_SummonsNote;;0;0;false;;;;false;;;0;;;;;;;;;;;;;;;;;;;;;;;;;1;;@1104_01a02_d_Task;;;;1;;;;;;;;;;
1104_0201_d_00_Container_waterfalls;ConsecutiveTaskContainer;;0;0;;;0;0;false;;;;false;;;0;;;;;;;;;;;;;;;;;;;;;;;;;0;;;;;;;;;;;;1104_0201_d_01_Task;1104_0201_d_02_Task;;;
1104_0201_d_01_Task;TaskGoToPOITag;;1;1;;;0;0;false;;homestead_waterrun_60304;;true;;;0;;;;;;;;;;;;;;;;;;;;;;;;;0;;@1104_0201_d_01_Task;;;;;;;;;;;;;;
1104_0201_d_02_Task;TaskKillContribution;;1;6;;;0;0;true;;homestead_waterrun_60304;;true;;;0;;;;;;;Weeper;;;;;;;;;;;;;;;;;;0;;@1104_0201_d_02_Task;;;;;;;;;;;;;;
1105_0201_d_00_Container_teardropgems;ConsecutiveTaskContainer;;0;0;;;0;0;false;;;;false;;;0;;;;;;;;;;;;;;;;;;;;;;;;;0;;;;;;;;;;;;1105_0201_d_01_Task;1105_0201_d_01a_Container_teardropgems;;;
1105_0201_d_01_Task;TaskGoToPOITag;;1;1;;;0;0;true;;mine_haunted_whispering_60301;;true;;;0;;;;;;;;;;;;;;;;;;;;;;;;;0;;@1105_0201_d_01_Task;;;;;;;;;;;;;;
1105_0201_d_01a_Container_teardropgems;SimpleTaskContainer;;0;0;;;0;0;false;;;;false;;;0;;;;;;;;;;;;;;;;;;;;;;;;;0;;;;;;1;;;;;;1105_0201_d_03_Task;1105_0201_d_04_Task;1105_0201_d_05_Task;;
1105_0201_d_02_Task;TaskKillContribution;;1;3;;;0;0;false;;;;false;;;0;;;;;;;;;;;;;;;;;;;;;;;;;0;;@1105_0201_d_02_Task;;;;;;;;;;;;;;
1105_0201_d_03_Task;TaskHaveAndReturnItems;;1;1;1105_0201_TeardropGems;Ghost_Starved_Named_04;100;0;true;;mine_haunted_whispering_60301;;true;;;0;;;;;;;;;;;;;;;;;;;;;;;;;0;;@1105_0201_d_03_Task;;;;;;;;;;;;;;
1105_0201_d_04_Task;TaskHaveAndReturnItems;;1;1;1105_0201_TeardropGems_a;Ghost_Starved_Named_05;100;0;true;;mine_haunted_whispering_60301;;true;;;0;;;;;;;;;;;;;;;;;;;;;;;;;0;;@1105_0201_d_04_Task;;;;;;;;;;;;;;
1105_0201_d_05_Task;TaskHaveAndReturnItems;;1;1;1105_0201_TeardropGems_b;Ghost_Shackled_Named_03;100;0;true;;mine_haunted_whispering_60301;;true;;;0;;;;;;;;;;;;;;;;;;;;;;;;;0;;@1105_0201_d_05_Task;;;;;;;;;;;;;;
1105_0202_d_00_Container_excommunication;ConsecutiveTaskContainer;;0;0;;;0;0;false;;;;false;;;0;;;;;;;;;;;;;;;;;;;;;;;;;0;;;;;;;;;;;;1105_0202_d_01_Task;1105_0202_d_02_Task;1105_0202_d_03_Task;1105_0202_d_04_Task;
1105_0202_d_01_Task;TaskGoToPOITag;;1;0;;;0;0;true;;abandoned_homestead_highpoint_60303;;true;;;0;;;;;;;;;;;;;;;;;;;;;;;;;0;;@1105_0202_d_01_Task;;;;;;;;;;;;;;
1105_0202_d_02_Task;TaskKillContribution;;1;1;;;0;0;true;;abandoned_homestead_highpoint_60303;;true;;;0;;;;;;;Undead_GraveDigger_Named_01;;;;;;;;;;;;;;;;;;0;;@1105_0202_d_02_Task;;13435.849 7549.500 182.772;;;;;;;;;;;;
1105_0202_d_03_Task;TaskHaveAndReturnItems;;1;1;1105_0202_MedallionCofferKey;Undead_GraveDigger_Named_01;100;0;true;;abandoned_homestead_highpoint_60303;;true;;;0;;;;;;;;;;;;;;;;;;;;;;;;;0;;@1105_0202_d_03_Task;;13435.849 7549.500 182.772;;;;;;;;;;;;
1105_0202_d_04_Task;TaskGatherAndReturnItems;;1;1;1105_0202_GoldMedallions;1104_MedallionChest;100;0;true;;abandoned_homestead_highpoint_60303;;true;;;0;;;;IO_1104_MedallionChest;;;;;;;;;;;;;;;;;;;;;0;;@1105_0202_d_04_Task;;13432.458 7547.4814 183.6744;;;;;;;;;;;;
1111_0201_d_00_Container_deluge;ConsecutiveTaskContainer;;0;0;;;0;0;false;;;;false;;;0;;;;;;;;;;;;;;;;;;;;;;;;;0;;;;;;;;;;;;1111_0201_d_01_container_Task;1111_0201_d_02_container_Task;1111_0201_d_03_container_Task;;
1111_0201_d_01_container_Task;ConsecutiveTaskContainer;;0;0;;;0;0;false;;;;false;;;0;;;;;;;;;;;;;;;;;;;;;;;;;0;;;;;;1;;;;;;1111_0201_d_01a_Task;1111_0201_d_01b_Task;;;
1111_0201_d_01a_Task;TaskGoToPOITag;;1;1;;;0;0;true;;ancient_ruins_flooded_60315;;true;;;0;;;;;;;;;;;;;;;;;;;;;;;;;0;;@1111_0201_d_01a_Task;;;;;;;;;;;;;;
1111_0201_d_01b_Task;TaskGatherAndReturnItems;;1;1;1111_0201_MarbleOrb;1101_SilverOrb;100;0;true;;ancient_ruins_flooded_60315;;true;;;0;;;;IO_1101_SilverOrb;;;;;;;;;;;;;;;;;;;;;0;;@1111_0201_d_01b_Task;;13082.407 6289.584 110.97;;;;;;;;;;;;
1111_0201_d_02_container_Task;ConsecutiveTaskContainer;;0;0;;;0;0;false;;;;false;;;0;;;;;;;;;;;;;;;;;;;;;;;;;0;;;;;;1;;;;;;1111_0201_d_02a_Task;1111_0201_d_02b_Task;;;
1111_0201_d_02a_Task;TaskGoToPOITag;;1;1;;;0;0;true;;ancient_ruins_hillside_60317;;true;;;0;;;;;;;;;;;;;;;;;;;;;;;;;0;;@1111_0201_d_02a_Task;;;;;;;;;;;;;;
1111_0201_d_02b_Task;TaskGatherAndReturnItems;;1;1;1111_0201_StoneOrb;1102_StoneOrb;100;0;true;;ancient_ruins_hillside_60317;;true;;;0;;;;IO_1102_StoneOrb;;;;;;;;;;;;;;;;;;;;;0;;@1111_0201_d_02b_Task;;12777.560 6537.231 150.71;;;;;;;;;;;;
1111_0201_d_03_container_Task;ConsecutiveTaskContainer;;0;0;;;0;0;false;;;;false;;;0;;;;;;;;;;;;;;;;;;;;;;;;;0;;;;;;1;;;;;;1111_0201_d_03a_Task;1111_0201_d_03b_Task;;;
1111_0201_d_03a_Task;TaskGoToPOITag;;1;1;;;0;0;true;;ancient_ruins_streamside_60309;;true;;;0;;;;;;;;;;;;;;;;;;;;;;;;;0;;@1111_0201_d_03a_Task;;;;;;;;;;;;;;
1111_0201_d_03b_Task;TaskGatherAndReturnItems;;1;1;1111_0201_CopperOrb;1103_CopperOrb;100;0;true;;ancient_ruins_streamside_60309;;true;;;0;;;;IO_1103_CopperOrb;;;;;;;;;;;;;;;;;;;;;0;;@1111_0201_d_03b_Task;;13133.203 6600.292 107.94;;;;;;;;;;;;
1111_0301_d_00_Container_roadtotruth;ConsecutiveTaskContainer;;0;0;;;0;0;false;;;;false;;;0;;;;;;;;;;;;;;;;;;;;;;;;;0;;;;;;;;;;;;1111_0301_d_01_Container_roadtotruth_corvus;1111_0301_d_02_Container_roadtotruth_sagitta;;;
1111_0301_d_01_Container_roadtotruth_corvus;ConsecutiveTaskContainer;;0;0;;;0;0;false;;;;false;;;0;;;;;;;;;;;;;;;;;;;;;;;;;0;;;;;;1;;;;;;1111_0301_d_01a_Task;1111_0301_d_01b_Task;;;
1111_0301_d_01a_Task;TaskGoToPOITag;;1;1;;;0;0;true;;ancient_lookout_sheperd_50306;;true;;;0;;;;;;;;;;;;;;;;;;;;;;;;;0;;@1111_0301_d_03_Task;;;;;;;;;;;;;;
1111_0301_d_01b_Task;TaskHaveAndReturnItems;;1;6;1111_0301_BrokenMail;Novaguard;45;0;true;;ancient_lookout_sheperd_50306;;true;;;13;;;;;;;;;;;;;;;;;;;;;;;;;0;;@1111_0301_d_04_Task;;;;;;;;;;;;;;
1111_0301_d_02_Container_roadtotruth_sagitta;ConsecutiveTaskContainer;;0;0;;;0;0;false;;;;false;;;0;;;;;;;;;;;;;;;;;;;;;;;;;0;;;;;;1;;;;;;1111_0301_d_02a_Task;1111_0301_d_02b_Task;;;
1111_0301_d_02a_Task;TaskGoToPOITag;;1;1;;;0;0;true;;ancient_lookout_overgrowth_60306;;true;;;0;;;;;;;;;;;;;;;;;;;;;;;;;0;;@1111_0301_d_01_Task;;;;;;;;;;;;;;
1111_0301_d_02b_Task;TaskHaveAndReturnItems;;1;6;1111_0301_TatteredCloth;Novaguard;45;0;true;;ancient_lookout_overgrowth_60306;;true;;;13;;;;;;;;;;;;;;;;;;;;;;;;;0;;@1111_0301_d_02_Task;;;;;;;;;;;;;;
1111_0401_d_00_Container_ancienttruth;ConsecutiveTaskContainer;;0;0;;;0;0;false;;;;false;;;0;;;;;;;;;;;;;;;;;;;;;;;;;0;;;;;;;;;;;;1111_0401_d_01_Task;1111_0401_d_02_Container_ancienttruth_killandloot;;;
1111_0401_d_01_Task;TaskGoToPOITag;;1;1;;;0;0;true;;ancient_watchtower_highbluff_60318;;true;;;0;;;;;;;;;;;;;;;;;;;;;;;;;0;;@1111_0401_d_01_Task;;;;;;;;;;;;;;
1111_0401_d_02_Container_ancienttruth_killandloot;SimpleTaskContainer;;0;0;;;0;0;false;;;;false;;;0;;;;;;;;;;;;;;;;;;;;;;;;;0;;;;;;1;;;;;;1111_0401_d_02a_Task;1111_0401_d_02b_Task;;;
1111_0401_d_02a_Task;TaskKillContribution;;1;12;;;0;0;true;;ancient_watchtower_highbluff_60318;;true;;;0;;;;;;;Fineseer;;;;;;;;;;;;;;;;;;0;;@1111_0401_d_02_Task;;;;;;;;;;;;;;
1111_0401_d_02b_Task;TaskHaveAndReturnItems;;1;1;1111_0401_AncientSpyglass;AncientGuardian_Javelineer_Named_01;100;0;true;;ancient_watchtower_highbluff_60318;;true;;;0;;;;;;;;;;;;;;;;;;;;;;;;;0;;@1111_0401_d_03_Task;;;;;;;;;;;;;;
1111_0402_d_00_Container_corruptedenergy;ConsecutiveTaskContainer;;0;0;;;0;0;false;;;;false;;;0;;;;;;;;;;;;;;;;;;;;;;;;;0;;;;;;;;;;;;1111_0402_d_01_Task;1111_0402_d_02_Container_corruptedenergy_killandinteract;;;
1111_0402_d_01_Task;TaskGoToPOITag;;1;1;;;0;0;true;;ancient_port_60336;;true;;;0;;;;;;;;;;;;;;;;;;;;;;;;;0;;@1111_0402_d_01_Task;;;;;;;;;;;;;;
1111_0402_d_02_Container_corruptedenergy_killandinteract;SimpleTaskContainer;;0;0;;;0;0;false;;;;false;;;0;;;;;;;;;;;;;;;;;;;;;;;;;0;;;;;;1;;;;;;1111_0402_d_02a_Task;1111_0402_d_02b_Task;;;
1111_0402_d_02a_Task;TaskKillContribution;;1;15;;;0;0;false;;;;true;;;0;;;;;;;Redeye;;;;;;;;;;;;;;;;;;0;;@1111_0402_d_02_Task;;;;;;;;;;;;;;
1111_0402_d_02b_Task;TaskGameEvent;;0;1;;;0;0;true;;ancient_port_60336;;true;;;0;;;;IO_1105_CorruptedTotem;;;1105_CorruptedTotem_interact;;;;;;;;;;;;;;;;;;0;;@1111_0402_d_03_Task;;13901.593 8188.688 116.636;1;;;;;;;;;;;
FM_1101_container;ConsecutiveTaskContainer;;0;0;;;0;0;false;;;;false;;;0;;;;;;;;;;;;;;;;;;;;;;;;;0;;;;;;;;;;;;FM_1101_tasks_first_container;M_ReturnToGiver;;;
FM_1101_tasks_first_container;SimpleTaskContainer;;0;0;;;0;0;false;;;;false;;;0;;;;;;;;;;;;;;;;;;;;;;;;;0;;;;;;1;;;;;;FM_1101_leg_A_task;FM_1101_leg_B_task;FM_1101_leg_C_task;;
FM_1101_leg_A_task;TaskKillContribution;;0;8;;;0;0;true;;ancient_ruins_streamside_60309;;true;;;0;;;;;;;Ancient;;;;;;;;;;;;;;;;;;0;;@objective_mission_kill_generic_at_POI;;;;;;;;;;;;;;
FM_1101_leg_B_task;TaskKillContribution;;0;8;;;0;0;true;;ancient_ruins_flooded_60315;;true;;;0;;;;;;;Ancient;;;;;;;;;;;;;;;;;;0;;@objective_mission_kill_generic_at_POI;;;;;;;;;;;;;;
FM_1101_leg_C_task;TaskKillContribution;;0;8;;;0;0;true;;ancient_ruins_hillside_60317;;true;;;0;;;;;;;Ancient;;;;;;;;;;;;;;;;;;0;;@objective_mission_kill_generic_at_POI;;;;;;;;;;;;;;
FM_1102_container;ConsecutiveTaskContainer;;0;0;;;0;0;false;;;;false;;;0;;;;;;;;;;;;;;;;;;;;;;;;;0;;;;;;;;;;;;FM_1102_tasks_first_container;M_ReturnToGiver;;;
FM_1102_tasks_first_container;SimpleTaskContainer;;0;0;;;0;0;false;;;;false;;;0;;;;;;;;;;;;;;;;;;;;;;;;;0;;;;;;1;;;;;;FM_1102_leg_A_task;FM_1102_leg_B_task;FM_1102_leg_C_task;;
FM_1102_leg_A_task;TaskKillContribution;;0;8;;;0;0;true;;ancient_ruins_falls_60314;;true;;;0;;;;;;;Ancient;;;;;;;;;;;;;;;;;;0;;@objective_mission_kill_generic_at_POI;;;;;;;;;;;;;;
FM_1102_leg_B_task;TaskKillContribution;;0;8;;;0;0;true;;ancient_ruins_crossroads_60313;;true;;;0;;;;;;;Ancient;;;;;;;;;;;;;;;;;;0;;@objective_mission_kill_generic_at_POI;;;;;;;;;;;;;;
FM_1102_leg_C_task;TaskKillContribution;;0;8;;;0;0;true;;homestead_waterrun_60304;;true;;;0;;;;;;;Weeper;;;;;;;;;;;;;;;;;;0;;@objective_mission_kill_generic_at_POI;;;;;;;;;;;;;;
FM_1103_container;ConsecutiveTaskContainer;;0;0;;;0;0;false;;;;false;;;0;;;;;;;;;;;;;;;;;;;;;;;;;0;;;;;;;;;;;;FM_1103_tasks_first_container;M_ReturnToGiver;;;
FM_1103_tasks_first_container;SimpleTaskContainer;;0;0;;;0;0;false;;;;false;;;0;;;;;;;;;;;;;;;;;;;;;;;;;0;;;;;;1;;;;;;FM_1103_leg_A_task;FM_1103_leg_B_task;FM_1103_leg_C_task;;
FM_1103_leg_A_task;TaskKillContribution;;0;8;;;0;0;true;;ancient_ruins_seacliff_60312;;true;;;0;;;;;;;Carrionstar;;;;;;;;;;;;;;;;;;0;;@objective_mission_kill_generic_at_POI;;;;;;;;;;;;;;
FM_1103_leg_B_task;TaskKillContribution;;0;8;;;0;0;true;;tree_offering_60319;;true;;;0;;;;;;;Carrionstar;;;;;;;;;;;;;;;;;;0;;@objective_mission_kill_generic_at_POI;;;;;;;;;;;;;;
FM_1103_leg_C_task;TaskKillContribution;;0;8;;;0;0;true;;ancient_lookout_portside_60308;;true;;;0;;;;;;;Carrionstar;;;;;;;;;;;;;;;;;;0;;@objective_mission_kill_generic_at_POI;;;;;;;;;;;;;;
FM_1104_container;ConsecutiveTaskContainer;;0;0;;;0;0;false;;;;false;;;0;;;;;;;;;;;;;;;;;;;;;;;;;0;;;;;;;;;;;;FM_1104_tasks_first_container;M_ReturnToGiver;;;
FM_1104_tasks_first_container;SimpleTaskContainer;;0;0;;;0;0;false;;;;false;;;0;;;;;;;;;;;;;;;;;;;;;;;;;0;;;;;;1;;;;;;FM_1104_leg_A_task;FM_1104_leg_B_task;FM_1104_leg_C_task;;
FM_1104_leg_A_task;TaskKillContribution;;0;1;;;0;0;true;;mine_haunted_whispering_60301;;true;;;0;;;;;;;Wraith;;;;;;;;;;;;;;;;;;0;;@objective_mission_kill_generic_at_POI;;;;;;;;;;;;;;
FM_1104_leg_B_task;TaskKillContribution;;0;4;;;0;0;true;;nature_cave_smugglerscove_60320;;true;;;0;;;;;;;Seasong;;;;;;;;;;;;;;;;;;0;;@objective_mission_kill_generic_at_POI;;;;;;;;;;;;;;
FM_1104_leg_C_task;TaskKillContribution;;0;8;;;0;0;true;;wrecked_galleon_60339;;true;;;0;;;;;;;Seasong;;;;;;;;;;;;;;;;;;0;;@objective_mission_kill_generic_at_POI;;;;;;;;;;;;;;
FM_1105_container;ConsecutiveTaskContainer;;0;0;;;0;0;false;;;;false;;;0;;;;;;;;;;;;;;;;;;;;;;;;;0;;;;;;;;;;;;FM_1105_tasks_first_container;M_ReturnToGiver;;;
FM_1105_tasks_first_container;SimpleTaskContainer;;0;0;;;0;0;false;;;;false;;;0;;;;;;;;;;;;;;;;;;;;;;;;;0;;;;;;1;;;;;;FM_1105_leg_A_task;FM_1105_leg_B_task;FM_1105_leg_C_task;;
FM_1105_leg_A_task;TaskKillContribution;;0;1;;;0;0;true;;wolf_den_forestsouth_60322;;true;;;0;;;;;;;Beast;;;;;;;;;;;;;;;;;;0;;@objective_mission_kill_generic_at_POI;;;;;;;;;;;;;;
FM_1105_leg_B_task;TaskKillContribution;;0;4;;;0;0;true;;wolf_den_forestnorth_60324;;true;;;0;;;;;;;Beast;;;;;;;;;;;;;;;;;;0;;@objective_mission_kill_generic_at_POI;;;;;;;;;;;;;;
FM_1105_leg_C_task;TaskKillContribution;;0;5;;;0;0;true;;ancient_lookout_forestsouth_60307;;true;;;0;;;;;;;Carrionstar;;;;;;;;;;;;;;;;;;0;;@objective_mission_kill_generic_at_POI;;;;;;;;;;;;;;
FM_1106_container;ConsecutiveTaskContainer;;0;0;;;0;0;false;;;;false;;;0;;;;;;;;;;;;;;;;;;;;;;;;;0;;;;;;;;;;;;FM_1106_tasks_first_container;M_ReturnToGiver;;;
FM_1106_tasks_first_container;SimpleTaskContainer;;0;0;;;0;0;false;;;;false;;;0;;;;;;;;;;;;;;;;;;;;;;;;;0;;;;;;1;;;;;;FM_1106_leg_A_task;FM_1106_leg_B_task;FM_1106_leg_C_task;;
FM_1106_leg_A_task;TaskKillContribution;;0;8;;;0;0;true;;shipwreck_eastbayshipwreck_60302;;true;;;0;;;;;;;Seasong;;;;;;;;;;;;;;;;;;0;;@objective_mission_kill_generic_at_POI;;;;;;;;;;;;;;
FM_1106_leg_B_task;TaskKillContribution;;0;4;;;0;0;true;;nature_cave_smugglerscove_60320;;true;;;0;;;;;;;Seasong;;;;;;;;;;;;;;;;;;0;;@objective_mission_kill_generic_at_POI;;;;;;;;;;;;;;
FM_1106_leg_C_task;TaskKillContribution;;0;8;;;0;0;true;;abandoned_homestead_highpoint_60303;;true;;;0;;;;;;;Dorado;;;;;;;;;;;;;;;;;;0;;@objective_mission_kill_generic_at_POI;;;;;;;;;;;;;;
FM_1107_container;ConsecutiveTaskContainer;;0;0;;;0;0;false;;;;false;;;0;;;;;;;;;;;;;;;;;;;;;;;;;0;;;;;;;;;;;;FM_1107_tasks_first_container;M_ReturnToGiver;;;
FM_1107_tasks_first_container;SimpleTaskContainer;;0;0;;;0;0;false;;;;false;;;0;;;;;;;;;;;;;;;;;;;;;;;;;0;;;;;;1;;;;;;FM_1107_leg_A_task;FM_1107_leg_B_task;FM_1107_leg_C_task;;
FM_1107_leg_A_task;TaskKillContribution;;0;8;;;0;0;true;;ancient_ruins_forest_60310;;true;;;0;;;;;;;Carrionstar;;;;;;;;;;;;;;;;;;0;;@objective_mission_kill_generic_at_POI;;;;;;;;;;;;;;
FM_1107_leg_B_task;TaskKillContribution;;0;8;;;0;0;true;;ancient_lookout_highcliff;;true;;;0;;;;;;;Wardog;;;;;;;;;;;;;;;;;;0;;@objective_mission_kill_generic_at_POI;;;;;;;;;;;;;;
FM_1107_leg_C_task;TaskKillContribution;;0;8;;;0;0;true;;abandoned_homestead_overlook;;true;;;0;;;;;;;Wardog;;;;;;;;;;;;;;;;;;0;;@objective_mission_kill_generic_at_POI;;;;;;;;;;;;;;
FM_1108_container;ConsecutiveTaskContainer;;0;0;;;0;0;false;;;;false;;;0;;;;;;;;;;;;;;;;;;;;;;;;;0;;;;;;;;;;;;FM_1108_tasks_first_container;M_ReturnToGiver;;;
FM_1108_tasks_first_container;SimpleTaskContainer;;0;0;;;0;0;false;;;;false;;;0;;;;;;;;;;;;;;;;;;;;;;;;;0;;;;;;1;;;;;;FM_1108_leg_A_task;FM_1108_leg_B_task;FM_1108_leg_C_task;;
FM_1108_leg_A_task;TaskKillContribution;;0;8;;;0;0;true;;ancient_ruins_woods_60316;;true;;;0;;;;;;;Novaguard;;;;;;;;;;;;;;;;;;0;;@objective_mission_kill_generic_at_POI;;;;;;;;;;;;;;
FM_1108_leg_B_task;TaskKillContribution;;0;8;;;0;0;true;;ancient_ruins_forest_60310;;true;;;0;;;;;;;Carrionstar;;;;;;;;;;;;;;;;;;0;;@objective_mission_kill_generic_at_POI;;;;;;;;;;;;;;
FM_1108_leg_C_task;TaskKillContribution;;0;8;;;0;0;true;;ancient_ruins_mourningbridge;;true;;;0;;;;;;;Novaguard;;;;;;;;;;;;;;;;;;0;;@objective_mission_kill_generic_at_POI;;;;;;;;;;;;;;
FM_1109_container;ConsecutiveTaskContainer;;0;0;;;0;0;false;;;;false;;;0;;;;;;;;;;;;;;;;;;;;;;;;;0;;;;;;;;;;;;FM_1109_tasks_first_container;M_ReturnToGiver;;;
FM_1109_tasks_first_container;SimpleTaskContainer;;0;0;;;0;0;false;;;;false;;;0;;;;;;;;;;;;;;;;;;;;;;;;;0;;;;;;1;;;;;;FM_1109_leg_A_task;FM_1109_leg_B_task;FM_1109_leg_C_task;;
FM_1109_leg_A_task;TaskKillContribution;;0;8;;;0;0;true;;ancient_ruins_mourningbridge;;true;;;0;;;;;;;Novaguard;;;;;;;;;;;;;;;;;;0;;@objective_mission_kill_generic_at_POI;;;;;;;;;;;;;;
FM_1109_leg_B_task;TaskKillContribution;;0;8;;;0;0;true;;crater_corruptedsettlement_60341;;true;;;0;;;;;;;Highpass;;;;;;;;;;;;;;;;;;0;;@objective_mission_kill_generic_at_POI;;;;;;;;;;;;;;
FM_1109_leg_C_task;TaskKillContribution;;0;8;;;0;0;true;;crater_corruptedsettlement_60338;;true;;;0;;;;;;;Highpass;;;;;;;;;;;;;;;;;;0;;@objective_mission_kill_generic_at_POI;;;;;;;;;;;;;;
FM_1110_container;ConsecutiveTaskContainer;;0;0;;;0;0;false;;;;false;;;0;;;;;;;;;;;;;;;;;;;;;;;;;0;;;;;;;;;;;;FM_1110_tasks_first_container;M_ReturnToGiver;;;
FM_1110_tasks_first_container;SimpleTaskContainer;;0;0;;;0;0;false;;;;false;;;0;;;;;;;;;;;;;;;;;;;;;;;;;0;;;;;;1;;;;;;FM_1110_leg_A_task;FM_1110_leg_B_task;FM_1110_leg_C_task;;
FM_1110_leg_A_task;TaskKillContribution;;0;8;;;0;0;true;;ancient_watchtower_highbluff_60318;;true;;;0;;;;;;;Fineseer;;;;;;;;;;;;;;;;;;0;;@objective_mission_kill_generic_at_POI;;;;;;;;;;;;;;
FM_1110_leg_B_task;TaskKillContribution;;0;8;;;0;0;true;;ancient_port_60336;;true;;;0;;;;;;;Redeye;;;;;;;;;;;;;;;;;;0;;@objective_mission_kill_generic_at_POI;;;;;;;;;;;;;;
FM_1110_leg_C_task;TaskKillContribution;;0;8;;;0;0;true;;ancient_lighthouse_60343;;true;;;0;;;;;;;Scorpius;;;;;;;;;;;;;;;;;;0;;@objective_mission_kill_generic_at_POI;;;;;;;;;;;;;;
FM_S_1101_container;ConsecutiveTaskContainer;;0;0;;;0;0;false;;;;false;;;0;;;;;;;;;;;;;;;;;;;;;;;;;0;;;;;;;;;;;;FM_S_1101_tasks_first_container;M_ReturnToGiver;;;
FM_S_1101_tasks_first_container;SimpleTaskContainer;;0;0;;;0;0;false;;;;false;;;0;;;;;;;;;;;;;;;;;;;;;;;;;0;;;;;;1;;;;;;FM_S_1101_leg_A_task;FM_S_1101_leg_B_task;FM_S_1101_leg_C_task;;
FM_S_1101_leg_A_task;TaskKillContribution;;0;8;;;0;0;true;;ancient_ruins_streamside_60309;;true;;;0;;;;;;;Ancient;;;;;;;;;;;;;;;;;;0;;@objective_mission_kill_generic_at_POI;;;;;;;;;;;;;;
FM_S_1101_leg_B_task;TaskKillContribution;;0;8;;;0;0;true;;ancient_ruins_flooded_60315;;true;;;0;;;;;;;Ancient;;;;;;;;;;;;;;;;;;0;;@objective_mission_kill_generic_at_POI;;;;;;;;;;;;;;
FM_S_1101_leg_C_task;TaskKillContribution;;0;8;;;0;0;true;;ancient_ruins_hillside_60317;;true;;;0;;;;;;;Ancient;;;;;;;;;;;;;;;;;;0;;@objective_mission_kill_generic_at_POI;;;;;;;;;;;;;;
FM_S_1102_container;ConsecutiveTaskContainer;;0;0;;;0;0;false;;;;false;;;0;;;;;;;;;;;;;;;;;;;;;;;;;0;;;;;;;;;;;;FM_S_1102_tasks_first_container;M_ReturnToGiver;;;
FM_S_1102_tasks_first_container;SimpleTaskContainer;;0;0;;;0;0;false;;;;false;;;0;;;;;;;;;;;;;;;;;;;;;;;;;0;;;;;;1;;;;;;FM_S_1102_leg_A_task;FM_S_1102_leg_B_task;FM_S_1102_leg_C_task;;
FM_S_1102_leg_A_task;TaskKillContribution;;0;8;;;0;0;true;;ancient_ruins_falls_60314;;true;;;0;;;;;;;Ancient;;;;;;;;;;;;;;;;;;0;;@objective_mission_kill_generic_at_POI;;;;;;;;;;;;;;
FM_S_1102_leg_B_task;TaskKillContribution;;0;8;;;0;0;true;;ancient_ruins_crossroads_60313;;true;;;0;;;;;;;Ancient;;;;;;;;;;;;;;;;;;0;;@objective_mission_kill_generic_at_POI;;;;;;;;;;;;;;
FM_S_1102_leg_C_task;TaskKillContribution;;0;8;;;0;0;true;;homestead_waterrun_60304;;true;;;0;;;;;;;Weeper;;;;;;;;;;;;;;;;;;0;;@objective_mission_kill_generic_at_POI;;;;;;;;;;;;;;
FM_S_1103_container;ConsecutiveTaskContainer;;0;0;;;0;0;false;;;;false;;;0;;;;;;;;;;;;;;;;;;;;;;;;;0;;;;;;;;;;;;FM_S_1103_tasks_first_container;M_ReturnToGiver;;;
FM_S_1103_tasks_first_container;SimpleTaskContainer;;0;0;;;0;0;false;;;;false;;;0;;;;;;;;;;;;;;;;;;;;;;;;;0;;;;;;1;;;;;;FM_S_1103_leg_A_task;FM_S_1103_leg_B_task;FM_S_1103_leg_C_task;;
FM_S_1103_leg_A_task;TaskKillContribution;;0;8;;;0;0;true;;ancient_ruins_seacliff_60312;;true;;;0;;;;;;;Carrionstar;;;;;;;;;;;;;;;;;;0;;@objective_mission_kill_generic_at_POI;;;;;;;;;;;;;;
FM_S_1103_leg_B_task;TaskKillContribution;;0;8;;;0;0;true;;tree_offering_60319;;true;;;0;;;;;;;Carrionstar;;;;;;;;;;;;;;;;;;0;;@objective_mission_kill_generic_at_POI;;;;;;;;;;;;;;
FM_S_1103_leg_C_task;TaskKillContribution;;0;8;;;0;0;true;;ancient_lookout_portside_60308;;true;;;0;;;;;;;Carrionstar;;;;;;;;;;;;;;;;;;0;;@objective_mission_kill_generic_at_POI;;;;;;;;;;;;;;
FM_S_1104_container;ConsecutiveTaskContainer;;0;0;;;0;0;false;;;;false;;;0;;;;;;;;;;;;;;;;;;;;;;;;;0;;;;;;;;;;;;FM_S_1104_tasks_first_container;M_ReturnToGiver;;;
FM_S_1104_tasks_first_container;SimpleTaskContainer;;0;0;;;0;0;false;;;;false;;;0;;;;;;;;;;;;;;;;;;;;;;;;;0;;;;;;1;;;;;;FM_S_1104_leg_A_task;FM_S_1104_leg_B_task;FM_S_1104_leg_C_task;;
FM_S_1104_leg_A_task;TaskKillContribution;;0;1;;;0;0;true;;mine_haunted_whispering_60301;;true;;;0;;;;;;;Wraith;;;;;;;;;;;;;;;;;;0;;@objective_mission_kill_generic_at_POI;;;;;;;;;;;;;;
FM_S_1104_leg_B_task;TaskKillContribution;;0;4;;;0;0;true;;nature_cave_smugglerscove_60320;;true;;;0;;;;;;;Seasong;;;;;;;;;;;;;;;;;;0;;@objective_mission_kill_generic_at_POI;;;;;;;;;;;;;;
FM_S_1104_leg_C_task;TaskKillContribution;;0;8;;;0;0;true;;wrecked_galleon_60339;;true;;;0;;;;;;;Seasong;;;;;;;;;;;;;;;;;;0;;@objective_mission_kill_generic_at_POI;;;;;;;;;;;;;;
FM_S_1105_container;ConsecutiveTaskContainer;;0;0;;;0;0;false;;;;false;;;0;;;;;;;;;;;;;;;;;;;;;;;;;0;;;;;;;;;;;;FM_S_1105_tasks_first_container;M_ReturnToGiver;;;
FM_S_1105_tasks_first_container;SimpleTaskContainer;;0;0;;;0;0;false;;;;false;;;0;;;;;;;;;;;;;;;;;;;;;;;;;0;;;;;;1;;;;;;FM_S_1105_leg_A_task;FM_S_1105_leg_B_task;FM_S_1105_leg_C_task;;
FM_S_1105_leg_A_task;TaskKillContribution;;0;1;;;0;0;true;;wolf_den_forestsouth_60322;;true;;;0;;;;;;;Beast;;;;;;;;;;;;;;;;;;0;;@objective_mission_kill_generic_at_POI;;;;;;;;;;;;;;
FM_S_1105_leg_B_task;TaskKillContribution;;0;4;;;0;0;true;;wolf_den_forestnorth_60324;;true;;;0;;;;;;;Beast;;;;;;;;;;;;;;;;;;0;;@objective_mission_kill_generic_at_POI;;;;;;;;;;;;;;
FM_S_1105_leg_C_task;TaskKillContribution;;0;5;;;0;0;true;;ancient_lookout_forestsouth_60307;;true;;;0;;;;;;;Carrionstar;;;;;;;;;;;;;;;;;;0;;@objective_mission_kill_generic_at_POI;;;;;;;;;;;;;;
FM_S_1106_container;ConsecutiveTaskContainer;;0;0;;;0;0;false;;;;false;;;0;;;;;;;;;;;;;;;;;;;;;;;;;0;;;;;;;;;;;;FM_S_1106_tasks_first_container;M_ReturnToGiver;;;
FM_S_1106_tasks_first_container;SimpleTaskContainer;;0;0;;;0;0;false;;;;false;;;0;;;;;;;;;;;;;;;;;;;;;;;;;0;;;;;;1;;;;;;FM_S_1106_leg_A_task;FM_S_1106_leg_B_task;FM_S_1106_leg_C_task;;
FM_S_1106_leg_A_task;TaskKillContribution;;0;8;;;0;0;true;;shipwreck_eastbayshipwreck_60302;;true;;;0;;;;;;;Seasong;;;;;;;;;;;;;;;;;;0;;@objective_mission_kill_generic_at_POI;;;;;;;;;;;;;;
FM_S_1106_leg_B_task;TaskKillContribution;;0;4;;;0;0;true;;nature_cave_smugglerscove_60320;;true;;;0;;;;;;;Seasong;;;;;;;;;;;;;;;;;;0;;@objective_mission_kill_generic_at_POI;;;;;;;;;;;;;;
FM_S_1106_leg_C_task;TaskKillContribution;;0;8;;;0;0;true;;abandoned_homestead_highpoint_60303;;true;;;0;;;;;;;Dorado;;;;;;;;;;;;;;;;;;0;;@objective_mission_kill_generic_at_POI;;;;;;;;;;;;;;
FM_S_1107_container;ConsecutiveTaskContainer;;0;0;;;0;0;false;;;;false;;;0;;;;;;;;;;;;;;;;;;;;;;;;;0;;;;;;;;;;;;FM_S_1107_tasks_first_container;M_ReturnToGiver;;;
FM_S_1107_tasks_first_container;SimpleTaskContainer;;0;0;;;0;0;false;;;;false;;;0;;;;;;;;;;;;;;;;;;;;;;;;;0;;;;;;1;;;;;;FM_S_1107_leg_A_task;FM_S_1107_leg_B_task;FM_S_1107_leg_C_task;;
FM_S_1107_leg_A_task;TaskKillContribution;;0;8;;;0;0;true;;ancient_ruins_forest_60310;;true;;;0;;;;;;;Carrionstar;;;;;;;;;;;;;;;;;;0;;@objective_mission_kill_generic_at_POI;;;;;;;;;;;;;;
FM_S_1107_leg_B_task;TaskKillContribution;;0;8;;;0;0;true;;ancient_lookout_highcliff;;true;;;0;;;;;;;Wardog;;;;;;;;;;;;;;;;;;0;;@objective_mission_kill_generic_at_POI;;;;;;;;;;;;;;
FM_S_1107_leg_C_task;TaskKillContribution;;0;8;;;0;0;true;;abandoned_homestead_overlook;;true;;;0;;;;;;;Wardog;;;;;;;;;;;;;;;;;;0;;@objective_mission_kill_generic_at_POI;;;;;;;;;;;;;;
FM_S_1108_container;ConsecutiveTaskContainer;;0;0;;;0;0;false;;;;false;;;0;;;;;;;;;;;;;;;;;;;;;;;;;0;;;;;;;;;;;;FM_S_1108_tasks_first_container;M_ReturnToGiver;;;
FM_S_1108_tasks_first_container;SimpleTaskContainer;;0;0;;;0;0;false;;;;false;;;0;;;;;;;;;;;;;;;;;;;;;;;;;0;;;;;;1;;;;;;FM_S_1108_leg_A_task;FM_S_1108_leg_B_task;FM_S_1108_leg_C_task;;
FM_S_1108_leg_A_task;TaskKillContribution;;0;8;;;0;0;true;;ancient_ruins_woods_60316;;true;;;0;;;;;;;Novaguard;;;;;;;;;;;;;;;;;;0;;@objective_mission_kill_generic_at_POI;;;;;;;;;;;;;;
FM_S_1108_leg_B_task;TaskKillContribution;;0;8;;;0;0;true;;ancient_ruins_forest_60310;;true;;;0;;;;;;;Carrionstar;;;;;;;;;;;;;;;;;;0;;@objective_mission_kill_generic_at_POI;;;;;;;;;;;;;;
FM_S_1108_leg_C_task;TaskKillContribution;;0;8;;;0;0;true;;ancient_ruins_mourningbridge;;true;;;0;;;;;;;Novaguard;;;;;;;;;;;;;;;;;;0;;@objective_mission_kill_generic_at_POI;;;;;;;;;;;;;;
FM_S_1109_container;ConsecutiveTaskContainer;;0;0;;;0;0;false;;;;false;;;0;;;;;;;;;;;;;;;;;;;;;;;;;0;;;;;;;;;;;;FM_S_1109_tasks_first_container;M_ReturnToGiver;;;
FM_S_1109_tasks_first_container;SimpleTaskContainer;;0;0;;;0;0;false;;;;false;;;0;;;;;;;;;;;;;;;;;;;;;;;;;0;;;;;;1;;;;;;FM_S_1109_leg_A_task;FM_S_1109_leg_B_task;FM_S_1109_leg_C_task;;
FM_S_1109_leg_A_task;TaskKillContribution;;0;8;;;0;0;true;;ancient_ruins_mourningbridge;;true;;;0;;;;;;;Novaguard;;;;;;;;;;;;;;;;;;0;;@objective_mission_kill_generic_at_POI;;;;;;;;;;;;;;
FM_S_1109_leg_B_task;TaskKillContribution;;0;8;;;0;0;true;;crater_corruptedsettlement_60341;;true;;;0;;;;;;;Highpass;;;;;;;;;;;;;;;;;;0;;@objective_mission_kill_generic_at_POI;;;;;;;;;;;;;;
FM_S_1109_leg_C_task;TaskKillContribution;;0;8;;;0;0;true;;crater_corruptedsettlement_60338;;true;;;0;;;;;;;Highpass;;;;;;;;;;;;;;;;;;0;;@objective_mission_kill_generic_at_POI;;;;;;;;;;;;;;
FM_S_1110_container;ConsecutiveTaskContainer;;0;0;;;0;0;false;;;;false;;;0;;;;;;;;;;;;;;;;;;;;;;;;;0;;;;;;;;;;;;FM_S_1110_tasks_first_container;M_ReturnToGiver;;;
FM_S_1110_tasks_first_container;SimpleTaskContainer;;0;0;;;0;0;false;;;;false;;;0;;;;;;;;;;;;;;;;;;;;;;;;;0;;;;;;1;;;;;;FM_S_1110_leg_A_task;FM_S_1110_leg_B_task;FM_S_1110_leg_C_task;;
FM_S_1110_leg_A_task;TaskKillContribution;;0;8;;;0;0;true;;ancient_watchtower_highbluff_60318;;true;;;0;;;;;;;Fineseer;;;;;;;;;;;;;;;;;;0;;@objective_mission_kill_generic_at_POI;;;;;;;;;;;;;;
FM_S_1110_leg_B_task;TaskKillContribution;;0;8;;;0;0;true;;ancient_port_60336;;true;;;0;;;;;;;Redeye;;;;;;;;;;;;;;;;;;0;;@objective_mission_kill_generic_at_POI;;;;;;;;;;;;;;
FM_S_1110_leg_C_task;TaskKillContribution;;0;8;;;0;0;true;;ancient_lighthouse_60343;;true;;;0;;;;;;;Scorpius;;;;;;;;;;;;;;;;;;0;;@objective_mission_kill_generic_at_POI;;;;;;;;;;;;;;
FM_C_1101_container;ConsecutiveTaskContainer;;0;0;;;0;0;false;;;;false;;;0;;;;;;;;;;;;;;;;;;;;;;;;;0;;;;;;;;;;;;FM_C_1101_tasks_first_container;M_ReturnToGiver;;;
FM_C_1101_tasks_first_container;SimpleTaskContainer;;0;0;;;0;0;false;;;;false;;;0;;;;;;;;;;;;;;;;;;;;;;;;;0;;;;;;1;;;;;;FM_C_1101_leg_A_task;FM_C_1101_leg_B_task;FM_C_1101_leg_C_task;;
FM_C_1101_leg_A_task;TaskKillContribution;;0;8;;;0;0;true;;ancient_ruins_streamside_60309;;true;;;0;;;;;;;Ancient;;;;;;;;;;;;;;;;;;0;;@objective_mission_kill_generic_at_POI;;;;;;;;;;;;;;
FM_C_1101_leg_B_task;TaskKillContribution;;0;8;;;0;0;true;;ancient_ruins_flooded_60315;;true;;;0;;;;;;;Ancient;;;;;;;;;;;;;;;;;;0;;@objective_mission_kill_generic_at_POI;;;;;;;;;;;;;;
FM_C_1101_leg_C_task;TaskKillContribution;;0;8;;;0;0;true;;ancient_ruins_hillside_60317;;true;;;0;;;;;;;Ancient;;;;;;;;;;;;;;;;;;0;;@objective_mission_kill_generic_at_POI;;;;;;;;;;;;;;
FM_C_1102_container;ConsecutiveTaskContainer;;0;0;;;0;0;false;;;;false;;;0;;;;;;;;;;;;;;;;;;;;;;;;;0;;;;;;;;;;;;FM_C_1102_tasks_first_container;M_ReturnToGiver;;;
FM_C_1102_tasks_first_container;SimpleTaskContainer;;0;0;;;0;0;false;;;;false;;;0;;;;;;;;;;;;;;;;;;;;;;;;;0;;;;;;1;;;;;;FM_C_1102_leg_A_task;FM_C_1102_leg_B_task;FM_C_1102_leg_C_task;;
FM_C_1102_leg_A_task;TaskKillContribution;;0;8;;;0;0;true;;ancient_ruins_falls_60314;;true;;;0;;;;;;;Ancient;;;;;;;;;;;;;;;;;;0;;@objective_mission_kill_generic_at_POI;;;;;;;;;;;;;;
FM_C_1102_leg_B_task;TaskKillContribution;;0;8;;;0;0;true;;ancient_ruins_crossroads_60313;;true;;;0;;;;;;;Ancient;;;;;;;;;;;;;;;;;;0;;@objective_mission_kill_generic_at_POI;;;;;;;;;;;;;;
FM_C_1102_leg_C_task;TaskKillContribution;;0;8;;;0;0;true;;homestead_waterrun_60304;;true;;;0;;;;;;;Weeper;;;;;;;;;;;;;;;;;;0;;@objective_mission_kill_generic_at_POI;;;;;;;;;;;;;;
FM_C_1103_container;ConsecutiveTaskContainer;;0;0;;;0;0;false;;;;false;;;0;;;;;;;;;;;;;;;;;;;;;;;;;0;;;;;;;;;;;;FM_C_1103_tasks_first_container;M_ReturnToGiver;;;
FM_C_1103_tasks_first_container;SimpleTaskContainer;;0;0;;;0;0;false;;;;false;;;0;;;;;;;;;;;;;;;;;;;;;;;;;0;;;;;;1;;;;;;FM_C_1103_leg_A_task;FM_C_1103_leg_B_task;FM_C_1103_leg_C_task;;
FM_C_1103_leg_A_task;TaskKillContribution;;0;8;;;0;0;true;;ancient_ruins_seacliff_60312;;true;;;0;;;;;;;Carrionstar;;;;;;;;;;;;;;;;;;0;;@objective_mission_kill_generic_at_POI;;;;;;;;;;;;;;
FM_C_1103_leg_B_task;TaskKillContribution;;0;8;;;0;0;true;;tree_offering_60319;;true;;;0;;;;;;;Carrionstar;;;;;;;;;;;;;;;;;;0;;@objective_mission_kill_generic_at_POI;;;;;;;;;;;;;;
FM_C_1103_leg_C_task;TaskKillContribution;;0;8;;;0;0;true;;ancient_lookout_portside_60308;;true;;;0;;;;;;;Carrionstar;;;;;;;;;;;;;;;;;;0;;@objective_mission_kill_generic_at_POI;;;;;;;;;;;;;;
FM_C_1104_container;ConsecutiveTaskContainer;;0;0;;;0;0;false;;;;false;;;0;;;;;;;;;;;;;;;;;;;;;;;;;0;;;;;;;;;;;;FM_C_1104_tasks_first_container;M_ReturnToGiver;;;
FM_C_1104_tasks_first_container;SimpleTaskContainer;;0;0;;;0;0;false;;;;false;;;0;;;;;;;;;;;;;;;;;;;;;;;;;0;;;;;;1;;;;;;FM_C_1104_leg_A_task;FM_C_1104_leg_B_task;FM_C_1104_leg_C_task;;
FM_C_1104_leg_A_task;TaskKillContribution;;0;1;;;0;0;true;;mine_haunted_whispering_60301;;true;;;0;;;;;;;Wraith;;;;;;;;;;;;;;;;;;0;;@objective_mission_kill_generic_at_POI;;;;;;;;;;;;;;
FM_C_1104_leg_B_task;TaskKillContribution;;0;4;;;0;0;true;;nature_cave_smugglerscove_60320;;true;;;0;;;;;;;Seasong;;;;;;;;;;;;;;;;;;0;;@objective_mission_kill_generic_at_POI;;;;;;;;;;;;;;
FM_C_1104_leg_C_task;TaskKillContribution;;0;8;;;0;0;true;;wrecked_galleon_60339;;true;;;0;;;;;;;Seasong;;;;;;;;;;;;;;;;;;0;;@objective_mission_kill_generic_at_POI;;;;;;;;;;;;;;
FM_C_1105_container;ConsecutiveTaskContainer;;0;0;;;0;0;false;;;;false;;;0;;;;;;;;;;;;;;;;;;;;;;;;;0;;;;;;;;;;;;FM_C_1105_tasks_first_container;M_ReturnToGiver;;;
FM_C_1105_tasks_first_container;SimpleTaskContainer;;0;0;;;0;0;false;;;;false;;;0;;;;;;;;;;;;;;;;;;;;;;;;;0;;;;;;1;;;;;;FM_C_1105_leg_A_task;FM_C_1105_leg_B_task;FM_C_1105_leg_C_task;;
FM_C_1105_leg_A_task;TaskKillContribution;;0;1;;;0;0;true;;wolf_den_forestsouth_60322;;true;;;0;;;;;;;Beast;;;;;;;;;;;;;;;;;;0;;@objective_mission_kill_generic_at_POI;;;;;;;;;;;;;;
FM_C_1105_leg_B_task;TaskKillContribution;;0;4;;;0;0;true;;wolf_den_forestnorth_60324;;true;;;0;;;;;;;Beast;;;;;;;;;;;;;;;;;;0;;@objective_mission_kill_generic_at_POI;;;;;;;;;;;;;;
FM_C_1105_leg_C_task;TaskKillContribution;;0;5;;;0;0;true;;ancient_lookout_forestsouth_60307;;true;;;0;;;;;;;Carrionstar;;;;;;;;;;;;;;;;;;0;;@objective_mission_kill_generic_at_POI;;;;;;;;;;;;;;
FM_C_1106_container;ConsecutiveTaskContainer;;0;0;;;0;0;false;;;;false;;;0;;;;;;;;;;;;;;;;;;;;;;;;;0;;;;;;;;;;;;FM_C_1106_tasks_first_container;M_ReturnToGiver;;;
FM_C_1106_tasks_first_container;SimpleTaskContainer;;0;0;;;0;0;false;;;;false;;;0;;;;;;;;;;;;;;;;;;;;;;;;;0;;;;;;1;;;;;;FM_C_1106_leg_A_task;FM_C_1106_leg_B_task;FM_C_1106_leg_C_task;;
FM_C_1106_leg_A_task;TaskKillContribution;;0;8;;;0;0;true;;shipwreck_eastbayshipwreck_60302;;true;;;0;;;;;;;Seasong;;;;;;;;;;;;;;;;;;0;;@objective_mission_kill_generic_at_POI;;;;;;;;;;;;;;
FM_C_1106_leg_B_task;TaskKillContribution;;0;4;;;0;0;true;;nature_cave_smugglerscove_60320;;true;;;0;;;;;;;Seasong;;;;;;;;;;;;;;;;;;0;;@objective_mission_kill_generic_at_POI;;;;;;;;;;;;;;
FM_C_1106_leg_C_task;TaskKillContribution;;0;8;;;0;0;true;;abandoned_homestead_highpoint_60303;;true;;;0;;;;;;;Dorado;;;;;;;;;;;;;;;;;;0;;@objective_mission_kill_generic_at_POI;;;;;;;;;;;;;;
FM_C_1107_container;ConsecutiveTaskContainer;;0;0;;;0;0;false;;;;false;;;0;;;;;;;;;;;;;;;;;;;;;;;;;0;;;;;;;;;;;;FM_C_1107_tasks_first_container;M_ReturnToGiver;;;
FM_C_1107_tasks_first_container;SimpleTaskContainer;;0;0;;;0;0;false;;;;false;;;0;;;;;;;;;;;;;;;;;;;;;;;;;0;;;;;;1;;;;;;FM_C_1107_leg_A_task;FM_C_1107_leg_B_task;FM_C_1107_leg_C_task;;
FM_C_1107_leg_A_task;TaskKillContribution;;0;8;;;0;0;true;;ancient_ruins_forest_60310;;true;;;0;;;;;;;Carrionstar;;;;;;;;;;;;;;;;;;0;;@objective_mission_kill_generic_at_POI;;;;;;;;;;;;;;
FM_C_1107_leg_B_task;TaskKillContribution;;0;8;;;0;0;true;;ancient_lookout_highcliff;;true;;;0;;;;;;;Wardog;;;;;;;;;;;;;;;;;;0;;@objective_mission_kill_generic_at_POI;;;;;;;;;;;;;;
FM_C_1107_leg_C_task;TaskKillContribution;;0;8;;;0;0;true;;abandoned_homestead_overlook;;true;;;0;;;;;;;Wardog;;;;;;;;;;;;;;;;;;0;;@objective_mission_kill_generic_at_POI;;;;;;;;;;;;;;
FM_C_1108_container;ConsecutiveTaskContainer;;0;0;;;0;0;false;;;;false;;;0;;;;;;;;;;;;;;;;;;;;;;;;;0;;;;;;;;;;;;FM_C_1108_tasks_first_container;M_ReturnToGiver;;;
FM_C_1108_tasks_first_container;SimpleTaskContainer;;0;0;;;0;0;false;;;;false;;;0;;;;;;;;;;;;;;;;;;;;;;;;;0;;;;;;1;;;;;;FM_C_1108_leg_A_task;FM_C_1108_leg_B_task;FM_C_1108_leg_C_task;;
FM_C_1108_leg_A_task;TaskKillContribution;;0;8;;;0;0;true;;ancient_ruins_woods_60316;;true;;;0;;;;;;;Novaguard;;;;;;;;;;;;;;;;;;0;;@objective_mission_kill_generic_at_POI;;;;;;;;;;;;;;
FM_C_1108_leg_B_task;TaskKillContribution;;0;8;;;0;0;true;;ancient_ruins_forest_60310;;true;;;0;;;;;;;Carrionstar;;;;;;;;;;;;;;;;;;0;;@objective_mission_kill_generic_at_POI;;;;;;;;;;;;;;
FM_C_1108_leg_C_task;TaskKillContribution;;0;8;;;0;0;true;;ancient_ruins_mourningbridge;;true;;;0;;;;;;;Novaguard;;;;;;;;;;;;;;;;;;0;;@objective_mission_kill_generic_at_POI;;;;;;;;;;;;;;
FM_C_1109_container;ConsecutiveTaskContainer;;0;0;;;0;0;false;;;;false;;;0;;;;;;;;;;;;;;;;;;;;;;;;;0;;;;;;;;;;;;FM_C_1109_tasks_first_container;M_ReturnToGiver;;;
FM_C_1109_tasks_first_container;SimpleTaskContainer;;0;0;;;0;0;false;;;;false;;;0;;;;;;;;;;;;;;;;;;;;;;;;;0;;;;;;1;;;;;;FM_C_1109_leg_A_task;FM_C_1109_leg_B_task;FM_C_1109_leg_C_task;;
FM_C_1109_leg_A_task;TaskKillContribution;;0;8;;;0;0;true;;ancient_ruins_mourningbridge;;true;;;0;;;;;;;Novaguard;;;;;;;;;;;;;;;;;;0;;@objective_mission_kill_generic_at_POI;;;;;;;;;;;;;;
FM_C_1109_leg_B_task;TaskKillContribution;;0;8;;;0;0;true;;crater_corruptedsettlement_60341;;true;;;0;;;;;;;Highpass;;;;;;;;;;;;;;;;;;0;;@objective_mission_kill_generic_at_POI;;;;;;;;;;;;;;
FM_C_1109_leg_C_task;TaskKillContribution;;0;8;;;0;0;true;;crater_corruptedsettlement_60338;;true;;;0;;;;;;;Highpass;;;;;;;;;;;;;;;;;;0;;@objective_mission_kill_generic_at_POI;;;;;;;;;;;;;;
FM_C_1110_container;ConsecutiveTaskContainer;;0;0;;;0;0;false;;;;false;;;0;;;;;;;;;;;;;;;;;;;;;;;;;0;;;;;;;;;;;;FM_C_1110_tasks_first_container;M_ReturnToGiver;;;
FM_C_1110_tasks_first_container;SimpleTaskContainer;;0;0;;;0;0;false;;;;false;;;0;;;;;;;;;;;;;;;;;;;;;;;;;0;;;;;;1;;;;;;FM_C_1110_leg_A_task;FM_C_1110_leg_B_task;FM_C_1110_leg_C_task;;
FM_C_1110_leg_A_task;TaskKillContribution;;0;8;;;0;0;true;;ancient_watchtower_highbluff_60318;;true;;;0;;;;;;;Fineseer;;;;;;;;;;;;;;;;;;0;;@objective_mission_kill_generic_at_POI;;;;;;;;;;;;;;
FM_C_1110_leg_B_task;TaskKillContribution;;0;8;;;0;0;true;;ancient_port_60336;;true;;;0;;;;;;;Redeye;;;;;;;;;;;;;;;;;;0;;@objective_mission_kill_generic_at_POI;;;;;;;;;;;;;;
FM_C_1110_leg_C_task;TaskKillContribution;;0;8;;;0;0;true;;ancient_lighthouse_60343;;true;;;0;;;;;;;Scorpius;;;;;;;;;;;;;;;;;;0;;@objective_mission_kill_generic_at_POI;;;;;;;;;;;;;;
FM_1161_container;ConsecutiveTaskContainer;;0;0;;;0;0;false;;;;false;;;0;;;;;;;;;;;;;;;;;;;;;;;;;0;;;;;;;;;;;;FM_1161_tasks_first_container;M_ReturnToGiver;;;
FM_1161_tasks_first_container;SimpleTaskContainer;;0;0;;;0;0;false;;;;false;;;0;;;;;;;;;;;;;;;;;;;;;;;;;0;;;;;;1;;;;;;FM_1161_leg_A_task;FM_1161_leg_B_task;FM_1161_leg_C_task;;
FM_1161_leg_A_task;TaskHaveAndReturnItems;;0;2;FM_loot_item_1_11;;0;100;true;;ancient_ruins_streamside_60309;;true;;;0;;;;;;;;;;;;;;;;;;;;;;;;;0;;@objective_mission_loot_chests_generic_at_POI;;;;;;;;;;;;;;
FM_1161_leg_B_task;TaskHaveAndReturnItems;;0;7;FM_loot_item_2_11;;0;100;true;;ancient_ruins_flooded_60315;;true;;;0;;;;;;;;;;;;;;;;;;;;;;;;;0;;@objective_mission_loot_chests_generic_at_POI;;;;;;;;;;;;;;
FM_1161_leg_C_task;TaskHaveAndReturnItems;;0;1;FM_loot_item_3_11;;0;100;true;;ancient_ruins_hillside_60317;;true;;;0;;;;;;;;;;;;;;;;;;;;;;;;;0;;@objective_mission_loot_chests_generic_at_POI;;;;;;;;;;;;;;
FM_1162_container;ConsecutiveTaskContainer;;0;0;;;0;0;false;;;;false;;;0;;;;;;;;;;;;;;;;;;;;;;;;;0;;;;;;;;;;;;FM_1162_tasks_first_container;M_ReturnToGiver;;;
FM_1162_tasks_first_container;SimpleTaskContainer;;0;0;;;0;0;false;;;;false;;;0;;;;;;;;;;;;;;;;;;;;;;;;;0;;;;;;1;;;;;;FM_1162_leg_A_task;FM_1162_leg_B_task;FM_1162_leg_C_task;;
FM_1162_leg_A_task;TaskHaveAndReturnItems;;0;3;FM_loot_item_4_11;;0;100;true;;ancient_ruins_falls_60314;;true;;;0;;;;;;;;;;;;;;;;;;;;;;;;;0;;@objective_mission_loot_chests_generic_at_POI;;;;;;;;;;;;;;
FM_1162_leg_B_task;TaskHaveAndReturnItems;;0;5;FM_loot_item_5_11;;0;100;true;;ancient_ruins_crossroads_60313;;true;;;0;;;;;;;;;;;;;;;;;;;;;;;;;0;;@objective_mission_loot_chests_generic_at_POI;;;;;;;;;;;;;;
FM_1162_leg_C_task;TaskHaveAndReturnItems;;0;2;FM_loot_item_6_11;;0;100;true;;homestead_waterrun_60304;;true;;;0;;;;;;;;;;;;;;;;;;;;;;;;;0;;@objective_mission_loot_chests_generic_at_POI;;;;;;;;;;;;;;
FM_1163_container;ConsecutiveTaskContainer;;0;0;;;0;0;false;;;;false;;;0;;;;;;;;;;;;;;;;;;;;;;;;;0;;;;;;;;;;;;FM_1163_tasks_first_container;M_ReturnToGiver;;;
FM_1163_tasks_first_container;SimpleTaskContainer;;0;0;;;0;0;false;;;;false;;;0;;;;;;;;;;;;;;;;;;;;;;;;;0;;;;;;1;;;;;;FM_1163_leg_A_task;FM_1163_leg_B_task;FM_1163_leg_C_task;;
FM_1163_leg_A_task;TaskHaveAndReturnItems;;0;3;FM_loot_item_7_11;;0;100;true;;ancient_ruins_seacliff_60312;;true;;;0;;;;;;;;;;;;;;;;;;;;;;;;;0;;@objective_mission_loot_chests_generic_at_POI;;;;;;;;;;;;;;
FM_1163_leg_B_task;TaskHaveAndReturnItems;;0;7;FM_loot_item_8_11;;0;100;true;;tree_offering_60319;;true;;;0;;;;;;;;;;;;;;;;;;;;;;;;;0;;@objective_mission_loot_chests_generic_at_POI;;;;;;;;;;;;;;
FM_1163_leg_C_task;TaskHaveAndReturnItems;;0;5;FM_loot_item_9_11;;0;100;true;;ancient_lookout_portside_60308;;true;;;0;;;;;;;;;;;;;;;;;;;;;;;;;0;;@objective_mission_loot_chests_generic_at_POI;;;;;;;;;;;;;;
FM_1164_container;ConsecutiveTaskContainer;;0;0;;;0;0;false;;;;false;;;0;;;;;;;;;;;;;;;;;;;;;;;;;0;;;;;;;;;;;;FM_1164_tasks_first_container;M_ReturnToGiver;;;
FM_1164_tasks_first_container;SimpleTaskContainer;;0;0;;;0;0;false;;;;false;;;0;;;;;;;;;;;;;;;;;;;;;;;;;0;;;;;;1;;;;;;FM_1164_leg_A_task;FM_1164_leg_B_task;FM_1164_leg_C_task;;
FM_1164_leg_A_task;TaskHaveAndReturnItems;;0;3;FM_loot_item_10_11;;0;100;true;;mine_haunted_whispering_60301;;true;;;0;;;;;;;;;;;;;;;;;;;;;;;;;0;;@objective_mission_loot_chests_generic_at_POI;;;;;;;;;;;;;;
FM_1164_leg_B_task;TaskHaveAndReturnItems;;0;3;FM_loot_item_11_11;;0;100;true;;nature_cave_smugglerscove_60320;;true;;;0;;;;;;;;;;;;;;;;;;;;;;;;;0;;@objective_mission_loot_chests_generic_at_POI;;;;;;;;;;;;;;
FM_1164_leg_C_task;TaskHaveAndReturnItems;;0;8;FM_loot_item_12_11;;0;100;true;;wrecked_galleon_60339;;true;;;0;;;;;;;;;;;;;;;;;;;;;;;;;0;;@objective_mission_loot_chests_generic_at_POI;;;;;;;;;;;;;;
FM_1165_container;ConsecutiveTaskContainer;;0;0;;;0;0;false;;;;false;;;0;;;;;;;;;;;;;;;;;;;;;;;;;0;;;;;;;;;;;;FM_1165_tasks_first_container;M_ReturnToGiver;;;
FM_1165_tasks_first_container;SimpleTaskContainer;;0;0;;;0;0;false;;;;false;;;0;;;;;;;;;;;;;;;;;;;;;;;;;0;;;;;;1;;;;;;FM_1165_leg_A_task;FM_1165_leg_B_task;FM_1165_leg_C_task;;
FM_1165_leg_A_task;TaskHaveAndReturnItems;;0;1;FM_loot_item_13_11;;0;100;true;;wolf_den_forestsouth_60322;;true;;;0;;;;;;;;;;;;;;;;;;;;;;;;;0;;@objective_mission_loot_chests_generic_at_POI;;;;;;;;;;;;;;
FM_1165_leg_B_task;TaskHaveAndReturnItems;;0;2;FM_loot_item_14_11;;0;100;true;;wolf_den_forestnorth_60324;;true;;;0;;;;;;;;;;;;;;;;;;;;;;;;;0;;@objective_mission_loot_chests_generic_at_POI;;;;;;;;;;;;;;
FM_1165_leg_C_task;TaskHaveAndReturnItems;;0;1;FM_loot_item_15_11;;0;100;true;;ancient_lookout_forestsouth_60307;;true;;;0;;;;;;;;;;;;;;;;;;;;;;;;;0;;@objective_mission_loot_chests_generic_at_POI;;;;;;;;;;;;;;
FM_1166_container;ConsecutiveTaskContainer;;0;0;;;0;0;false;;;;false;;;0;;;;;;;;;;;;;;;;;;;;;;;;;0;;;;;;;;;;;;FM_1166_tasks_first_container;M_ReturnToGiver;;;
FM_1166_tasks_first_container;SimpleTaskContainer;;0;0;;;0;0;false;;;;false;;;0;;;;;;;;;;;;;;;;;;;;;;;;;0;;;;;;1;;;;;;FM_1166_leg_A_task;FM_1166_leg_B_task;FM_1166_leg_C_task;;
FM_1166_leg_A_task;TaskHaveAndReturnItems;;0;7;FM_loot_item_16_11;;0;100;true;;shipwreck_eastbayshipwreck_60302;;true;;;0;;;;;;;;;;;;;;;;;;;;;;;;;0;;@objective_mission_loot_chests_generic_at_POI;;;;;;;;;;;;;;
FM_1166_leg_B_task;TaskHaveAndReturnItems;;0;3;FM_loot_item_17_11;;0;100;true;;nature_cave_smugglerscove_60320;;true;;;0;;;;;;;;;;;;;;;;;;;;;;;;;0;;@objective_mission_loot_chests_generic_at_POI;;;;;;;;;;;;;;
FM_1166_leg_C_task;TaskHaveAndReturnItems;;0;8;FM_loot_item_18_11;;0;100;true;;abandoned_homestead_highpoint_60303;;true;;;0;;;;;;;;;;;;;;;;;;;;;;;;;0;;@objective_mission_loot_chests_generic_at_POI;;;;;;;;;;;;;;
FM_1167_container;ConsecutiveTaskContainer;;0;0;;;0;0;false;;;;false;;;0;;;;;;;;;;;;;;;;;;;;;;;;;0;;;;;;;;;;;;FM_1167_tasks_first_container;M_ReturnToGiver;;;
FM_1167_tasks_first_container;SimpleTaskContainer;;0;0;;;0;0;false;;;;false;;;0;;;;;;;;;;;;;;;;;;;;;;;;;0;;;;;;1;;;;;;FM_1167_leg_A_task;FM_1167_leg_B_task;FM_1167_leg_C_task;;
FM_1167_leg_A_task;TaskHaveAndReturnItems;;0;8;FM_loot_item_19_11;;0;100;true;;ancient_ruins_forest_60310;;true;;;0;;;;;;;;;;;;;;;;;;;;;;;;;0;;@objective_mission_loot_chests_generic_at_POI;;;;;;;;;;;;;;
FM_1167_leg_B_task;TaskHaveAndReturnItems;;0;7;FM_loot_item_20_11;;0;100;true;;ancient_lookout_highcliff;;true;;;0;;;;;;;;;;;;;;;;;;;;;;;;;0;;@objective_mission_loot_chests_generic_at_POI;;;;;;;;;;;;;;
FM_1167_leg_C_task;TaskHaveAndReturnItems;;0;7;FM_loot_item_21_11;;0;100;true;;abandoned_homestead_overlook;;true;;;0;;;;;;;;;;;;;;;;;;;;;;;;;0;;@objective_mission_loot_chests_generic_at_POI;;;;;;;;;;;;;;
FM_1168_container;ConsecutiveTaskContainer;;0;0;;;0;0;false;;;;false;;;0;;;;;;;;;;;;;;;;;;;;;;;;;0;;;;;;;;;;;;FM_1168_tasks_first_container;M_ReturnToGiver;;;
FM_1168_tasks_first_container;SimpleTaskContainer;;0;0;;;0;0;false;;;;false;;;0;;;;;;;;;;;;;;;;;;;;;;;;;0;;;;;;1;;;;;;FM_1168_leg_A_task;FM_1168_leg_B_task;FM_1168_leg_C_task;;
FM_1168_leg_A_task;TaskHaveAndReturnItems;;0;3;FM_loot_item_22_11;;0;100;true;;ancient_ruins_woods_60316;;true;;;0;;;;;;;;;;;;;;;;;;;;;;;;;0;;@objective_mission_loot_chests_generic_at_POI;;;;;;;;;;;;;;
FM_1168_leg_B_task;TaskHaveAndReturnItems;;0;8;FM_loot_item_23_11;;0;100;true;;ancient_ruins_forest_60310;;true;;;0;;;;;;;;;;;;;;;;;;;;;;;;;0;;@objective_mission_loot_chests_generic_at_POI;;;;;;;;;;;;;;
FM_1168_leg_C_task;TaskHaveAndReturnItems;;0;3;FM_loot_item_24_11;;0;100;true;;ancient_ruins_mourningbridge;;true;;;0;;;;;;;;;;;;;;;;;;;;;;;;;0;;@objective_mission_loot_chests_generic_at_POI;;;;;;;;;;;;;;
FM_1169_container;ConsecutiveTaskContainer;;0;0;;;0;0;false;;;;false;;;0;;;;;;;;;;;;;;;;;;;;;;;;;0;;;;;;;;;;;;FM_1169_tasks_first_container;M_ReturnToGiver;;;
FM_1169_tasks_first_container;SimpleTaskContainer;;0;0;;;0;0;false;;;;false;;;0;;;;;;;;;;;;;;;;;;;;;;;;;0;;;;;;1;;;;;;FM_1169_leg_A_task;FM_1169_leg_B_task;FM_1169_leg_C_task;;
FM_1169_leg_A_task;TaskHaveAndReturnItems;;0;3;FM_loot_item_25_11;;0;100;true;;ancient_ruins_mourningbridge;;true;;;0;;;;;;;;;;;;;;;;;;;;;;;;;0;;@objective_mission_loot_chests_generic_at_POI;;;;;;;;;;;;;;
FM_1169_leg_B_task;TaskHaveAndReturnItems;;0;3;FM_loot_item_26_11;;0;100;true;;crater_corruptedsettlement_60341;;true;;;0;;;;;;;;;;;;;;;;;;;;;;;;;0;;@objective_mission_loot_chests_generic_at_POI;;;;;;;;;;;;;;
FM_1169_leg_C_task;TaskHaveAndReturnItems;;0;7;FM_loot_item_27_11;;0;100;true;;crater_corruptedsettlement_60338;;true;;;0;;;;;;;;;;;;;;;;;;;;;;;;;0;;@objective_mission_loot_chests_generic_at_POI;;;;;;;;;;;;;;
FM_1170_container;ConsecutiveTaskContainer;;0;0;;;0;0;false;;;;false;;;0;;;;;;;;;;;;;;;;;;;;;;;;;0;;;;;;;;;;;;FM_1170_tasks_first_container;M_ReturnToGiver;;;
FM_1170_tasks_first_container;SimpleTaskContainer;;0;0;;;0;0;false;;;;false;;;0;;;;;;;;;;;;;;;;;;;;;;;;;0;;;;;;1;;;;;;FM_1170_leg_A_task;FM_1170_leg_B_task;FM_1170_leg_C_task;;
FM_1170_leg_A_task;TaskHaveAndReturnItems;;0;7;FM_loot_item_28_11;;0;100;true;;ancient_watchtower_highbluff_60318;;true;;;0;;;;;;;;;;;;;;;;;;;;;;;;;0;;@objective_mission_loot_chests_generic_at_POI;;;;;;;;;;;;;;
FM_1170_leg_B_task;TaskHaveAndReturnItems;;0;10;FM_loot_item_29_11;;0;100;true;;ancient_port_60336;;true;;;0;;;;;;;;;;;;;;;;;;;;;;;;;0;;@objective_mission_loot_chests_generic_at_POI;;;;;;;;;;;;;;
FM_1170_leg_C_task;TaskHaveAndReturnItems;;0;3;FM_loot_item_30_11;;0;100;true;;ancient_lighthouse_60343;;true;;;0;;;;;;;;;;;;;;;;;;;;;;;;;0;;@objective_mission_loot_chests_generic_at_POI;;;;;;;;;;;;;;
FM_S_1161_container;ConsecutiveTaskContainer;;0;0;;;0;0;false;;;;false;;;0;;;;;;;;;;;;;;;;;;;;;;;;;0;;;;;;;;;;;;FM_S_1161_tasks_first_container;M_ReturnToGiver;;;
FM_S_1161_tasks_first_container;SimpleTaskContainer;;0;0;;;0;0;false;;;;false;;;0;;;;;;;;;;;;;;;;;;;;;;;;;0;;;;;;1;;;;;;FM_S_1161_leg_A_task;FM_S_1161_leg_B_task;FM_S_1161_leg_C_task;;
FM_S_1161_leg_A_task;TaskHaveAndReturnItems;;0;2;FM_loot_item_1_11;;0;100;true;;ancient_ruins_streamside_60309;;true;;;0;;;;;;;;;;;;;;;;;;;;;;;;;0;;@objective_mission_loot_chests_generic_at_POI;;;;;;;;;;;;;;
FM_S_1161_leg_B_task;TaskHaveAndReturnItems;;0;7;FM_loot_item_2_11;;0;100;true;;ancient_ruins_flooded_60315;;true;;;0;;;;;;;;;;;;;;;;;;;;;;;;;0;;@objective_mission_loot_chests_generic_at_POI;;;;;;;;;;;;;;
FM_S_1161_leg_C_task;TaskHaveAndReturnItems;;0;1;FM_loot_item_3_11;;0;100;true;;ancient_ruins_hillside_60317;;true;;;0;;;;;;;;;;;;;;;;;;;;;;;;;0;;@objective_mission_loot_chests_generic_at_POI;;;;;;;;;;;;;;
FM_S_1162_container;ConsecutiveTaskContainer;;0;0;;;0;0;false;;;;false;;;0;;;;;;;;;;;;;;;;;;;;;;;;;0;;;;;;;;;;;;FM_S_1162_tasks_first_container;M_ReturnToGiver;;;
FM_S_1162_tasks_first_container;SimpleTaskContainer;;0;0;;;0;0;false;;;;false;;;0;;;;;;;;;;;;;;;;;;;;;;;;;0;;;;;;1;;;;;;FM_S_1162_leg_A_task;FM_S_1162_leg_B_task;FM_S_1162_leg_C_task;;
FM_S_1162_leg_A_task;TaskHaveAndReturnItems;;0;3;FM_loot_item_4_11;;0;100;true;;ancient_ruins_falls_60314;;true;;;0;;;;;;;;;;;;;;;;;;;;;;;;;0;;@objective_mission_loot_chests_generic_at_POI;;;;;;;;;;;;;;
FM_S_1162_leg_B_task;TaskHaveAndReturnItems;;0;5;FM_loot_item_5_11;;0;100;true;;ancient_ruins_crossroads_60313;;true;;;0;;;;;;;;;;;;;;;;;;;;;;;;;0;;@objective_mission_loot_chests_generic_at_POI;;;;;;;;;;;;;;
FM_S_1162_leg_C_task;TaskHaveAndReturnItems;;0;2;FM_loot_item_6_11;;0;100;true;;homestead_waterrun_60304;;true;;;0;;;;;;;;;;;;;;;;;;;;;;;;;0;;@objective_mission_loot_chests_generic_at_POI;;;;;;;;;;;;;;
FM_S_1163_container;ConsecutiveTaskContainer;;0;0;;;0;0;false;;;;false;;;0;;;;;;;;;;;;;;;;;;;;;;;;;0;;;;;;;;;;;;FM_S_1163_tasks_first_container;M_ReturnToGiver;;;
FM_S_1163_tasks_first_container;SimpleTaskContainer;;0;0;;;0;0;false;;;;false;;;0;;;;;;;;;;;;;;;;;;;;;;;;;0;;;;;;1;;;;;;FM_S_1163_leg_A_task;FM_S_1163_leg_B_task;FM_S_1163_leg_C_task;;
FM_S_1163_leg_A_task;TaskHaveAndReturnItems;;0;3;FM_loot_item_7_11;;0;100;true;;ancient_ruins_seacliff_60312;;true;;;0;;;;;;;;;;;;;;;;;;;;;;;;;0;;@objective_mission_loot_chests_generic_at_POI;;;;;;;;;;;;;;
FM_S_1163_leg_B_task;TaskHaveAndReturnItems;;0;7;FM_loot_item_8_11;;0;100;true;;tree_offering_60319;;true;;;0;;;;;;;;;;;;;;;;;;;;;;;;;0;;@objective_mission_loot_chests_generic_at_POI;;;;;;;;;;;;;;
FM_S_1163_leg_C_task;TaskHaveAndReturnItems;;0;5;FM_loot_item_9_11;;0;100;true;;ancient_lookout_portside_60308;;true;;;0;;;;;;;;;;;;;;;;;;;;;;;;;0;;@objective_mission_loot_chests_generic_at_POI;;;;;;;;;;;;;;
FM_S_1164_container;ConsecutiveTaskContainer;;0;0;;;0;0;false;;;;false;;;0;;;;;;;;;;;;;;;;;;;;;;;;;0;;;;;;;;;;;;FM_S_1164_tasks_first_container;M_ReturnToGiver;;;
FM_S_1164_tasks_first_container;SimpleTaskContainer;;0;0;;;0;0;false;;;;false;;;0;;;;;;;;;;;;;;;;;;;;;;;;;0;;;;;;1;;;;;;FM_S_1164_leg_A_task;FM_S_1164_leg_B_task;FM_S_1164_leg_C_task;;
FM_S_1164_leg_A_task;TaskHaveAndReturnItems;;0;3;FM_loot_item_10_11;;0;100;true;;mine_haunted_whispering_60301;;true;;;0;;;;;;;;;;;;;;;;;;;;;;;;;0;;@objective_mission_loot_chests_generic_at_POI;;;;;;;;;;;;;;
FM_S_1164_leg_B_task;TaskHaveAndReturnItems;;0;3;FM_loot_item_11_11;;0;100;true;;nature_cave_smugglerscove_60320;;true;;;0;;;;;;;;;;;;;;;;;;;;;;;;;0;;@objective_mission_loot_chests_generic_at_POI;;;;;;;;;;;;;;
FM_S_1164_leg_C_task;TaskHaveAndReturnItems;;0;8;FM_loot_item_12_11;;0;100;true;;wrecked_galleon_60339;;true;;;0;;;;;;;;;;;;;;;;;;;;;;;;;0;;@objective_mission_loot_chests_generic_at_POI;;;;;;;;;;;;;;
FM_S_1165_container;ConsecutiveTaskContainer;;0;0;;;0;0;false;;;;false;;;0;;;;;;;;;;;;;;;;;;;;;;;;;0;;;;;;;;;;;;FM_S_1165_tasks_first_container;M_ReturnToGiver;;;
FM_S_1165_tasks_first_container;SimpleTaskContainer;;0;0;;;0;0;false;;;;false;;;0;;;;;;;;;;;;;;;;;;;;;;;;;0;;;;;;1;;;;;;FM_S_1165_leg_A_task;FM_S_1165_leg_B_task;FM_S_1165_leg_C_task;;
FM_S_1165_leg_A_task;TaskHaveAndReturnItems;;0;1;FM_loot_item_13_11;;0;100;true;;wolf_den_forestsouth_60322;;true;;;0;;;;;;;;;;;;;;;;;;;;;;;;;0;;@objective_mission_loot_chests_generic_at_POI;;;;;;;;;;;;;;
FM_S_1165_leg_B_task;TaskHaveAndReturnItems;;0;2;FM_loot_item_14_11;;0;100;true;;wolf_den_forestnorth_60324;;true;;;0;;;;;;;;;;;;;;;;;;;;;;;;;0;;@objective_mission_loot_chests_generic_at_POI;;;;;;;;;;;;;;
FM_S_1165_leg_C_task;TaskHaveAndReturnItems;;0;1;FM_loot_item_15_11;;0;100;true;;ancient_lookout_forestsouth_60307;;true;;;0;;;;;;;;;;;;;;;;;;;;;;;;;0;;@objective_mission_loot_chests_generic_at_POI;;;;;;;;;;;;;;
FM_S_1166_container;ConsecutiveTaskContainer;;0;0;;;0;0;false;;;;false;;;0;;;;;;;;;;;;;;;;;;;;;;;;;0;;;;;;;;;;;;FM_S_1166_tasks_first_container;M_ReturnToGiver;;;
FM_S_1166_tasks_first_container;SimpleTaskContainer;;0;0;;;0;0;false;;;;false;;;0;;;;;;;;;;;;;;;;;;;;;;;;;0;;;;;;1;;;;;;FM_S_1166_leg_A_task;FM_S_1166_leg_B_task;FM_S_1166_leg_C_task;;
FM_S_1166_leg_A_task;TaskHaveAndReturnItems;;0;7;FM_loot_item_16_11;;0;100;true;;shipwreck_eastbayshipwreck_60302;;true;;;0;;;;;;;;;;;;;;;;;;;;;;;;;0;;@objective_mission_loot_chests_generic_at_POI;;;;;;;;;;;;;;
FM_S_1166_leg_B_task;TaskHaveAndReturnItems;;0;3;FM_loot_item_17_11;;0;100;true;;nature_cave_smugglerscove_60320;;true;;;0;;;;;;;;;;;;;;;;;;;;;;;;;0;;@objective_mission_loot_chests_generic_at_POI;;;;;;;;;;;;;;
FM_S_1166_leg_C_task;TaskHaveAndReturnItems;;0;8;FM_loot_item_18_11;;0;100;true;;abandoned_homestead_highpoint_60303;;true;;;0;;;;;;;;;;;;;;;;;;;;;;;;;0;;@objective_mission_loot_chests_generic_at_POI;;;;;;;;;;;;;;
FM_S_1167_container;ConsecutiveTaskContainer;;0;0;;;0;0;false;;;;false;;;0;;;;;;;;;;;;;;;;;;;;;;;;;0;;;;;;;;;;;;FM_S_1167_tasks_first_container;M_ReturnToGiver;;;
FM_S_1167_tasks_first_container;SimpleTaskContainer;;0;0;;;0;0;false;;;;false;;;0;;;;;;;;;;;;;;;;;;;;;;;;;0;;;;;;1;;;;;;FM_S_1167_leg_A_task;FM_S_1167_leg_B_task;FM_S_1167_leg_C_task;;
FM_S_1167_leg_A_task;TaskHaveAndReturnItems;;0;8;FM_loot_item_19_11;;0;100;true;;ancient_ruins_forest_60310;;true;;;0;;;;;;;;;;;;;;;;;;;;;;;;;0;;@objective_mission_loot_chests_generic_at_POI;;;;;;;;;;;;;;
FM_S_1167_leg_B_task;TaskHaveAndReturnItems;;0;7;FM_loot_item_20_11;;0;100;true;;ancient_lookout_highcliff;;true;;;0;;;;;;;;;;;;;;;;;;;;;;;;;0;;@objective_mission_loot_chests_generic_at_POI;;;;;;;;;;;;;;
FM_S_1167_leg_C_task;TaskHaveAndReturnItems;;0;7;FM_loot_item_21_11;;0;100;true;;abandoned_homestead_overlook;;true;;;0;;;;;;;;;;;;;;;;;;;;;;;;;0;;@objective_mission_loot_chests_generic_at_POI;;;;;;;;;;;;;;
FM_S_1168_container;ConsecutiveTaskContainer;;0;0;;;0;0;false;;;;false;;;0;;;;;;;;;;;;;;;;;;;;;;;;;0;;;;;;;;;;;;FM_S_1168_tasks_first_container;M_ReturnToGiver;;;
FM_S_1168_tasks_first_container;SimpleTaskContainer;;0;0;;;0;0;false;;;;false;;;0;;;;;;;;;;;;;;;;;;;;;;;;;0;;;;;;1;;;;;;FM_S_1168_leg_A_task;FM_S_1168_leg_B_task;FM_S_1168_leg_C_task;;
FM_S_1168_leg_A_task;TaskHaveAndReturnItems;;0;3;FM_loot_item_22_11;;0;100;true;;ancient_ruins_woods_60316;;true;;;0;;;;;;;;;;;;;;;;;;;;;;;;;0;;@objective_mission_loot_chests_generic_at_POI;;;;;;;;;;;;;;
FM_S_1168_leg_B_task;TaskHaveAndReturnItems;;0;8;FM_loot_item_23_11;;0;100;true;;ancient_ruins_forest_60310;;true;;;0;;;;;;;;;;;;;;;;;;;;;;;;;0;;@objective_mission_loot_chests_generic_at_POI;;;;;;;;;;;;;;
FM_S_1168_leg_C_task;TaskHaveAndReturnItems;;0;3;FM_loot_item_24_11;;0;100;true;;ancient_ruins_mourningbridge;;true;;;0;;;;;;;;;;;;;;;;;;;;;;;;;0;;@objective_mission_loot_chests_generic_at_POI;;;;;;;;;;;;;;
FM_S_1169_container;ConsecutiveTaskContainer;;0;0;;;0;0;false;;;;false;;;0;;;;;;;;;;;;;;;;;;;;;;;;;0;;;;;;;;;;;;FM_S_1169_tasks_first_container;M_ReturnToGiver;;;
FM_S_1169_tasks_first_container;SimpleTaskContainer;;0;0;;;0;0;false;;;;false;;;0;;;;;;;;;;;;;;;;;;;;;;;;;0;;;;;;1;;;;;;FM_S_1169_leg_A_task;FM_S_1169_leg_B_task;FM_S_1169_leg_C_task;;
FM_S_1169_leg_A_task;TaskHaveAndReturnItems;;0;3;FM_loot_item_25_11;;0;100;true;;ancient_ruins_mourningbridge;;true;;;0;;;;;;;;;;;;;;;;;;;;;;;;;0;;@objective_mission_loot_chests_generic_at_POI;;;;;;;;;;;;;;
FM_S_1169_leg_B_task;TaskHaveAndReturnItems;;0;3;FM_loot_item_26_11;;0;100;true;;crater_corruptedsettlement_60341;;true;;;0;;;;;;;;;;;;;;;;;;;;;;;;;0;;@objective_mission_loot_chests_generic_at_POI;;;;;;;;;;;;;;
FM_S_1169_leg_C_task;TaskHaveAndReturnItems;;0;7;FM_loot_item_27_11;;0;100;true;;crater_corruptedsettlement_60338;;true;;;0;;;;;;;;;;;;;;;;;;;;;;;;;0;;@objective_mission_loot_chests_generic_at_POI;;;;;;;;;;;;;;
FM_S_1170_container;ConsecutiveTaskContainer;;0;0;;;0;0;false;;;;false;;;0;;;;;;;;;;;;;;;;;;;;;;;;;0;;;;;;;;;;;;FM_S_1170_tasks_first_container;M_ReturnToGiver;;;
FM_S_1170_tasks_first_container;SimpleTaskContainer;;0;0;;;0;0;false;;;;false;;;0;;;;;;;;;;;;;;;;;;;;;;;;;0;;;;;;1;;;;;;FM_S_1170_leg_A_task;FM_S_1170_leg_B_task;FM_S_1170_leg_C_task;;
FM_S_1170_leg_A_task;TaskHaveAndReturnItems;;0;7;FM_loot_item_28_11;;0;100;true;;ancient_watchtower_highbluff_60318;;true;;;0;;;;;;;;;;;;;;;;;;;;;;;;;0;;@objective_mission_loot_chests_generic_at_POI;;;;;;;;;;;;;;
FM_S_1170_leg_B_task;TaskHaveAndReturnItems;;0;10;FM_loot_item_29_11;;0;100;true;;ancient_port_60336;;true;;;0;;;;;;;;;;;;;;;;;;;;;;;;;0;;@objective_mission_loot_chests_generic_at_POI;;;;;;;;;;;;;;
FM_S_1170_leg_C_task;TaskHaveAndReturnItems;;0;3;FM_loot_item_30_11;;0;100;true;;ancient_lighthouse_60343;;true;;;0;;;;;;;;;;;;;;;;;;;;;;;;;0;;@objective_mission_loot_chests_generic_at_POI;;;;;;;;;;;;;;
FM_C_1161_container;ConsecutiveTaskContainer;;0;0;;;0;0;false;;;;false;;;0;;;;;;;;;;;;;;;;;;;;;;;;;0;;;;;;;;;;;;FM_C_1161_tasks_first_container;M_ReturnToGiver;;;
FM_C_1161_tasks_first_container;SimpleTaskContainer;;0;0;;;0;0;false;;;;false;;;0;;;;;;;;;;;;;;;;;;;;;;;;;0;;;;;;1;;;;;;FM_C_1161_leg_A_task;FM_C_1161_leg_B_task;FM_C_1161_leg_C_task;;
FM_C_1161_leg_A_task;TaskHaveAndReturnItems;;0;2;FM_loot_item_1_11;;0;100;true;;ancient_ruins_streamside_60309;;true;;;0;;;;;;;;;;;;;;;;;;;;;;;;;0;;@objective_mission_loot_chests_generic_at_POI;;;;;;;;;;;;;;
FM_C_1161_leg_B_task;TaskHaveAndReturnItems;;0;7;FM_loot_item_2_11;;0;100;true;;ancient_ruins_flooded_60315;;true;;;0;;;;;;;;;;;;;;;;;;;;;;;;;0;;@objective_mission_loot_chests_generic_at_POI;;;;;;;;;;;;;;
FM_C_1161_leg_C_task;TaskHaveAndReturnItems;;0;1;FM_loot_item_3_11;;0;100;true;;ancient_ruins_hillside_60317;;true;;;0;;;;;;;;;;;;;;;;;;;;;;;;;0;;@objective_mission_loot_chests_generic_at_POI;;;;;;;;;;;;;;
FM_C_1162_container;ConsecutiveTaskContainer;;0;0;;;0;0;false;;;;false;;;0;;;;;;;;;;;;;;;;;;;;;;;;;0;;;;;;;;;;;;FM_C_1162_tasks_first_container;M_ReturnToGiver;;;
FM_C_1162_tasks_first_container;SimpleTaskContainer;;0;0;;;0;0;false;;;;false;;;0;;;;;;;;;;;;;;;;;;;;;;;;;0;;;;;;1;;;;;;FM_C_1162_leg_A_task;FM_C_1162_leg_B_task;FM_C_1162_leg_C_task;;
FM_C_1162_leg_A_task;TaskHaveAndReturnItems;;0;3;FM_loot_item_4_11;;0;100;true;;ancient_ruins_falls_60314;;true;;;0;;;;;;;;;;;;;;;;;;;;;;;;;0;;@objective_mission_loot_chests_generic_at_POI;;;;;;;;;;;;;;
FM_C_1162_leg_B_task;TaskHaveAndReturnItems;;0;5;FM_loot_item_5_11;;0;100;true;;ancient_ruins_crossroads_60313;;true;;;0;;;;;;;;;;;;;;;;;;;;;;;;;0;;@objective_mission_loot_chests_generic_at_POI;;;;;;;;;;;;;;
FM_C_1162_leg_C_task;TaskHaveAndReturnItems;;0;2;FM_loot_item_6_11;;0;100;true;;homestead_waterrun_60304;;true;;;0;;;;;;;;;;;;;;;;;;;;;;;;;0;;@objective_mission_loot_chests_generic_at_POI;;;;;;;;;;;;;;
FM_C_1163_container;ConsecutiveTaskContainer;;0;0;;;0;0;false;;;;false;;;0;;;;;;;;;;;;;;;;;;;;;;;;;0;;;;;;;;;;;;FM_C_1163_tasks_first_container;M_ReturnToGiver;;;
FM_C_1163_tasks_first_container;SimpleTaskContainer;;0;0;;;0;0;false;;;;false;;;0;;;;;;;;;;;;;;;;;;;;;;;;;0;;;;;;1;;;;;;FM_C_1163_leg_A_task;FM_C_1163_leg_B_task;FM_C_1163_leg_C_task;;
FM_C_1163_leg_A_task;TaskHaveAndReturnItems;;0;3;FM_loot_item_7_11;;0;100;true;;ancient_ruins_seacliff_60312;;true;;;0;;;;;;;;;;;;;;;;;;;;;;;;;0;;@objective_mission_loot_chests_generic_at_POI;;;;;;;;;;;;;;
FM_C_1163_leg_B_task;TaskHaveAndReturnItems;;0;7;FM_loot_item_8_11;;0;100;true;;tree_offering_60319;;true;;;0;;;;;;;;;;;;;;;;;;;;;;;;;0;;@objective_mission_loot_chests_generic_at_POI;;;;;;;;;;;;;;
FM_C_1163_leg_C_task;TaskHaveAndReturnItems;;0;5;FM_loot_item_9_11;;0;100;true;;ancient_lookout_portside_60308;;true;;;0;;;;;;;;;;;;;;;;;;;;;;;;;0;;@objective_mission_loot_chests_generic_at_POI;;;;;;;;;;;;;;
FM_C_1164_container;ConsecutiveTaskContainer;;0;0;;;0;0;false;;;;false;;;0;;;;;;;;;;;;;;;;;;;;;;;;;0;;;;;;;;;;;;FM_C_1164_tasks_first_container;M_ReturnToGiver;;;
FM_C_1164_tasks_first_container;SimpleTaskContainer;;0;0;;;0;0;false;;;;false;;;0;;;;;;;;;;;;;;;;;;;;;;;;;0;;;;;;1;;;;;;FM_C_1164_leg_A_task;FM_C_1164_leg_B_task;FM_C_1164_leg_C_task;;
FM_C_1164_leg_A_task;TaskHaveAndReturnItems;;0;3;FM_loot_item_10_11;;0;100;true;;mine_haunted_whispering_60301;;true;;;0;;;;;;;;;;;;;;;;;;;;;;;;;0;;@objective_mission_loot_chests_generic_at_POI;;;;;;;;;;;;;;
FM_C_1164_leg_B_task;TaskHaveAndReturnItems;;0;3;FM_loot_item_11_11;;0;100;true;;nature_cave_smugglerscove_60320;;true;;;0;;;;;;;;;;;;;;;;;;;;;;;;;0;;@objective_mission_loot_chests_generic_at_POI;;;;;;;;;;;;;;
FM_C_1164_leg_C_task;TaskHaveAndReturnItems;;0;8;FM_loot_item_12_11;;0;100;true;;wrecked_galleon_60339;;true;;;0;;;;;;;;;;;;;;;;;;;;;;;;;0;;@objective_mission_loot_chests_generic_at_POI;;;;;;;;;;;;;;
FM_C_1165_container;ConsecutiveTaskContainer;;0;0;;;0;0;false;;;;false;;;0;;;;;;;;;;;;;;;;;;;;;;;;;0;;;;;;;;;;;;FM_C_1165_tasks_first_container;M_ReturnToGiver;;;
FM_C_1165_tasks_first_container;SimpleTaskContainer;;0;0;;;0;0;false;;;;false;;;0;;;;;;;;;;;;;;;;;;;;;;;;;0;;;;;;1;;;;;;FM_C_1165_leg_A_task;FM_C_1165_leg_B_task;FM_C_1165_leg_C_task;;
FM_C_1165_leg_A_task;TaskHaveAndReturnItems;;0;1;FM_loot_item_13_11;;0;100;true;;wolf_den_forestsouth_60322;;true;;;0;;;;;;;;;;;;;;;;;;;;;;;;;0;;@objective_mission_loot_chests_generic_at_POI;;;;;;;;;;;;;;
FM_C_1165_leg_B_task;TaskHaveAndReturnItems;;0;2;FM_loot_item_14_11;;0;100;true;;wolf_den_forestnorth_60324;;true;;;0;;;;;;;;;;;;;;;;;;;;;;;;;0;;@objective_mission_loot_chests_generic_at_POI;;;;;;;;;;;;;;
FM_C_1165_leg_C_task;TaskHaveAndReturnItems;;0;1;FM_loot_item_15_11;;0;100;true;;ancient_lookout_forestsouth_60307;;true;;;0;;;;;;;;;;;;;;;;;;;;;;;;;0;;@objective_mission_loot_chests_generic_at_POI;;;;;;;;;;;;;;
FM_C_1166_container;ConsecutiveTaskContainer;;0;0;;;0;0;false;;;;false;;;0;;;;;;;;;;;;;;;;;;;;;;;;;0;;;;;;;;;;;;FM_C_1166_tasks_first_container;M_ReturnToGiver;;;
FM_C_1166_tasks_first_container;SimpleTaskContainer;;0;0;;;0;0;false;;;;false;;;0;;;;;;;;;;;;;;;;;;;;;;;;;0;;;;;;1;;;;;;FM_C_1166_leg_A_task;FM_C_1166_leg_B_task;FM_C_1166_leg_C_task;;
FM_C_1166_leg_A_task;TaskHaveAndReturnItems;;0;7;FM_loot_item_16_11;;0;100;true;;shipwreck_eastbayshipwreck_60302;;true;;;0;;;;;;;;;;;;;;;;;;;;;;;;;0;;@objective_mission_loot_chests_generic_at_POI;;;;;;;;;;;;;;
FM_C_1166_leg_B_task;TaskHaveAndReturnItems;;0;3;FM_loot_item_17_11;;0;100;true;;nature_cave_smugglerscove_60320;;true;;;0;;;;;;;;;;;;;;;;;;;;;;;;;0;;@objective_mission_loot_chests_generic_at_POI;;;;;;;;;;;;;;
FM_C_1166_leg_C_task;TaskHaveAndReturnItems;;0;8;FM_loot_item_18_11;;0;100;true;;abandoned_homestead_highpoint_60303;;true;;;0;;;;;;;;;;;;;;;;;;;;;;;;;0;;@objective_mission_loot_chests_generic_at_POI;;;;;;;;;;;;;;
FM_C_1167_container;ConsecutiveTaskContainer;;0;0;;;0;0;false;;;;false;;;0;;;;;;;;;;;;;;;;;;;;;;;;;0;;;;;;;;;;;;FM_C_1167_tasks_first_container;M_ReturnToGiver;;;
FM_C_1167_tasks_first_container;SimpleTaskContainer;;0;0;;;0;0;false;;;;false;;;0;;;;;;;;;;;;;;;;;;;;;;;;;0;;;;;;1;;;;;;FM_C_1167_leg_A_task;FM_C_1167_leg_B_task;FM_C_1167_leg_C_task;;
FM_C_1167_leg_A_task;TaskHaveAndReturnItems;;0;8;FM_loot_item_19_11;;0;100;true;;ancient_ruins_forest_60310;;true;;;0;;;;;;;;;;;;;;;;;;;;;;;;;0;;@objective_mission_loot_chests_generic_at_POI;;;;;;;;;;;;;;
FM_C_1167_leg_B_task;TaskHaveAndReturnItems;;0;7;FM_loot_item_20_11;;0;100;true;;ancient_lookout_highcliff;;true;;;0;;;;;;;;;;;;;;;;;;;;;;;;;0;;@objective_mission_loot_chests_generic_at_POI;;;;;;;;;;;;;;
FM_C_1167_leg_C_task;TaskHaveAndReturnItems;;0;7;FM_loot_item_21_11;;0;100;true;;abandoned_homestead_overlook;;true;;;0;;;;;;;;;;;;;;;;;;;;;;;;;0;;@objective_mission_loot_chests_generic_at_POI;;;;;;;;;;;;;;
FM_C_1168_container;ConsecutiveTaskContainer;;0;0;;;0;0;false;;;;false;;;0;;;;;;;;;;;;;;;;;;;;;;;;;0;;;;;;;;;;;;FM_C_1168_tasks_first_container;M_ReturnToGiver;;;
FM_C_1168_tasks_first_container;SimpleTaskContainer;;0;0;;;0;0;false;;;;false;;;0;;;;;;;;;;;;;;;;;;;;;;;;;0;;;;;;1;;;;;;FM_C_1168_leg_A_task;FM_C_1168_leg_B_task;FM_C_1168_leg_C_task;;
FM_C_1168_leg_A_task;TaskHaveAndReturnItems;;0;3;FM_loot_item_22_11;;0;100;true;;ancient_ruins_woods_60316;;true;;;0;;;;;;;;;;;;;;;;;;;;;;;;;0;;@objective_mission_loot_chests_generic_at_POI;;;;;;;;;;;;;;
FM_C_1168_leg_B_task;TaskHaveAndReturnItems;;0;8;FM_loot_item_23_11;;0;100;true;;ancient_ruins_forest_60310;;true;;;0;;;;;;;;;;;;;;;;;;;;;;;;;0;;@objective_mission_loot_chests_generic_at_POI;;;;;;;;;;;;;;
FM_C_1168_leg_C_task;TaskHaveAndReturnItems;;0;3;FM_loot_item_24_11;;0;100;true;;ancient_ruins_mourningbridge;;true;;;0;;;;;;;;;;;;;;;;;;;;;;;;;0;;@objective_mission_loot_chests_generic_at_POI;;;;;;;;;;;;;;
FM_C_1169_container;ConsecutiveTaskContainer;;0;0;;;0;0;false;;;;false;;;0;;;;;;;;;;;;;;;;;;;;;;;;;0;;;;;;;;;;;;FM_C_1169_tasks_first_container;M_ReturnToGiver;;;
FM_C_1169_tasks_first_container;SimpleTaskContainer;;0;0;;;0;0;false;;;;false;;;0;;;;;;;;;;;;;;;;;;;;;;;;;0;;;;;;1;;;;;;FM_C_1169_leg_A_task;FM_C_1169_leg_B_task;FM_C_1169_leg_C_task;;
FM_C_1169_leg_A_task;TaskHaveAndReturnItems;;0;3;FM_loot_item_25_11;;0;100;true;;ancient_ruins_mourningbridge;;true;;;0;;;;;;;;;;;;;;;;;;;;;;;;;0;;@objective_mission_loot_chests_generic_at_POI;;;;;;;;;;;;;;
FM_C_1169_leg_B_task;TaskHaveAndReturnItems;;0;3;FM_loot_item_26_11;;0;100;true;;crater_corruptedsettlement_60341;;true;;;0;;;;;;;;;;;;;;;;;;;;;;;;;0;;@objective_mission_loot_chests_generic_at_POI;;;;;;;;;;;;;;
FM_C_1169_leg_C_task;TaskHaveAndReturnItems;;0;7;FM_loot_item_27_11;;0;100;true;;crater_corruptedsettlement_60338;;true;;;0;;;;;;;;;;;;;;;;;;;;;;;;;0;;@objective_mission_loot_chests_generic_at_POI;;;;;;;;;;;;;;
FM_C_1170_container;ConsecutiveTaskContainer;;0;0;;;0;0;false;;;;false;;;0;;;;;;;;;;;;;;;;;;;;;;;;;0;;;;;;;;;;;;FM_C_1170_tasks_first_container;M_ReturnToGiver;;;
FM_C_1170_tasks_first_container;SimpleTaskContainer;;0;0;;;0;0;false;;;;false;;;0;;;;;;;;;;;;;;;;;;;;;;;;;0;;;;;;1;;;;;;FM_C_1170_leg_A_task;FM_C_1170_leg_B_task;FM_C_1170_leg_C_task;;
FM_C_1170_leg_A_task;TaskHaveAndReturnItems;;0;7;FM_loot_item_28_11;;0;100;true;;ancient_watchtower_highbluff_60318;;true;;;0;;;;;;;;;;;;;;;;;;;;;;;;;0;;@objective_mission_loot_chests_generic_at_POI;;;;;;;;;;;;;;
FM_C_1170_leg_B_task;TaskHaveAndReturnItems;;0;10;FM_loot_item_29_11;;0;100;true;;ancient_port_60336;;true;;;0;;;;;;;;;;;;;;;;;;;;;;;;;0;;@objective_mission_loot_chests_generic_at_POI;;;;;;;;;;;;;;
FM_C_1170_leg_C_task;TaskHaveAndReturnItems;;0;3;FM_loot_item_30_11;;0;100;true;;ancient_lighthouse_60343;;true;;;0;;;;;;;;;;;;;;;;;;;;;;;;;0;;@objective_mission_loot_chests_generic_at_POI;;;;;;;;;;;;;;
FM_11_PVP_ControlSpot_Marauder_container;ConsecutiveTaskContainer;;0;0;;;0;0;false;;;;false;;;0;;;;;;;;;;;;;;;;;;;;;;;;;0;;;;;;;;;;;;FM_11_PVP_ControlSpot_Marauder_first;M_ReturnToGiver;;;
FM_11_PVP_ControlSpot_Marauder_first;SimpleTaskContainer;;0;0;;;0;0;false;;;;false;;;0;;;;;;;;;;;;;;;;;;;;;;;;;0;;@objective_task_pvp;;;;;;;;;;FM_11_PVP_ControlSpot_Marauder_task;M_task_die;;;
FM_11_PVP_ControlSpot_Marauder_task;PatrolTask;;0;0;;;0;0;true;;factionarea_60412;;true;;;0;;;;;;;;;;;;;;;;;;;;;;;;;0;;@objective_mission_task_patrol_timer;;13800.87 8634.37 174.17;;;;;;;;;;;;
FM_11_PVP_PoachSpot_Marauder_container;ConsecutiveTaskContainer;;0;0;;;0;0;false;;;;false;;;0;;;;;;;;;;;;;;;;;;;;;;;;;0;;;;;;;;;;;;FM_11_PVP_PoachSpot_Marauder_first;M_ReturnToGiver;;;
FM_11_PVP_PoachSpot_Marauder_first;SimpleTaskContainer;;0;0;;;0;0;false;;;;false;;;0;;;;;;;;;;;;;;;;;;;;;;;;;0;;@objective_task_pvp;;;;;;;;;;FM_11_PVP_PoachSpot_Marauder_task;M_task_die;;;
FM_11_PVP_PoachSpot_Marauder_task;TaskKillContribution;;0;3;;;0;0;true;;factionarea_60413;;true;;;0;;;;;;;Bobcat_11MD07;;;;;;;;;;;;;;;;;;0;;@objective_mission_destroy_generic_at_POI;;13840.25 8439.96 175.13;;;;;;;;;;;;
FM_11_PVP_SpySpot_Marauder_container;ConsecutiveTaskContainer;;0;0;;;0;0;false;;;;false;;;0;;;;;;;;;;;;;;;;;;;;;;;;;0;;;;;;;;;;;;FM_11_PVP_SpySpot_Marauder_2_step_container;M_ReturnToGiver;;;
FM_11_PVP_SpySpot_Marauder_2_step_container;ConsecutiveTaskContainer;;0;0;;;0;0;false;;;;false;;;0;;;;;;;;;;;;;;;;;;;;;;;;;0;;@objective_task_pvp;;;;;;;;;;FM_11_PVP_SpySpot_Marauder_first_ordie;FM_11_PVP_SpySpot_Marauder_task_ordie;;;
FM_11_PVP_SpySpot_Marauder_first_ordie;SimpleTaskContainer;;0;0;;;0;0;false;;;;false;;;0;;;;;;;;;;;;;;;;;;;;;;;;;0;;;;;;1;;;;;;FM_11_PVP_SpySpot_Marauder_first;M_task_die;;;
FM_11_PVP_SpySpot_Marauder_first;TaskGatherAndReturnItems;;1;1;FM_PVP_Marauders_item_1;PVP_0001_DeadDropGiveItem;100;0;true;;factionarea_60411;;true;;;0;;;;IO_PVP_0001_DeadDropGiveItem;;;;;;;;;;;;;;;;;;;;;0;;@objective_mission_espionage_step_1_at_POI;;13482.9 8320.29 208.89;;;;;;;;;;;;
FM_11_PVP_SpySpot_Marauder_task_ordie;SimpleTaskContainer;;0;0;;;0;0;false;;;;false;;;0;;;;;;;;;;;;;;;;;;;;;;;;;0;;;;;;1;;;;;;FM_11_PVP_SpySpot_Marauder_task;M_task_die;;;
FM_11_PVP_SpySpot_Marauder_task;TaskGatherAndReturnItems;;1;1;FM_PVP_Marauders_item_2;PVP_0003_DeadDropGiveItem;100;0;true;;factionarea_60413;;true;;;0;;;;IO_PVP_0003_DeadDropGiveItem;;;;;;;;;;;;;;;;;;;;;0;;@objective_mission_espionage_step_2_at_POI;;14039.83 8233.31 160.55;;;;;;;;;;;;
FM_11_PVP_PoachSpot_Syndicate_container;ConsecutiveTaskContainer;;0;0;;;0;0;false;;;;false;;;0;;;;;;;;;;;;;;;;;;;;;;;;;0;;;;;;;;;;;;FM_11_PVP_PoachSpot_Syndicate_first;M_ReturnToGiver;;;
FM_11_PVP_PoachSpot_Syndicate_first;SimpleTaskContainer;;0;0;;;0;0;false;;;;false;;;0;;;;;;;;;;;;;;;;;;;;;;;;;0;;@objective_task_pvp;;;;;;;;;;FM_11_PVP_PoachSpot_Syndicate_task;M_task_die;;;
FM_11_PVP_PoachSpot_Syndicate_task;TaskKillContribution;;0;4;;;0;0;true;;factionarea_60411;;true;;;0;;;;;;;Elk;;;;;;;;;;;;;;;;;;0;;@objective_mission_destroy_generic_at_POI;;13482.9 8320.29 208.89;;;;;;;;;;;;
FM_11_PVP_ControlSpot_Syndicate_container;ConsecutiveTaskContainer;;0;0;;;0;0;false;;;;false;;;0;;;;;;;;;;;;;;;;;;;;;;;;;0;;;;;;;;;;;;FM_11_PVP_ControlSpot_Syndicate_first;M_ReturnToGiver;;;
FM_11_PVP_ControlSpot_Syndicate_first;SimpleTaskContainer;;0;0;;;0;0;false;;;;false;;;0;;;;;;;;;;;;;;;;;;;;;;;;;0;;@objective_task_pvp;;;;;;;;;;FM_11_PVP_ControlSpot_Syndicate_task;M_task_die;;;
FM_11_PVP_ControlSpot_Syndicate_task;PatrolTask;;0;0;;;0;0;true;;factionarea_60413;;true;;;0;;;;;;;;;;;;;;;;;;;;;;;;;0;;@objective_mission_task_patrol_timer;;14039.83 8233.31 160.55;;;;;;;;;;;;
FM_11_PVP_SpySpot_Syndicate_container;ConsecutiveTaskContainer;;0;0;;;0;0;false;;;;false;;;0;;;;;;;;;;;;;;;;;;;;;;;;;0;;;;;;;;;;;;FM_11_PVP_SpySpot_Syndicate_2_step_container;M_ReturnToGiver;;;
FM_11_PVP_SpySpot_Syndicate_2_step_container;ConsecutiveTaskContainer;;0;0;;;0;0;false;;;;false;;;0;;;;;;;;;;;;;;;;;;;;;;;;;0;;@objective_task_pvp;;;;;;;;;;FM_11_PVP_SpySpot_Syndicate_first_ordie;FM_11_PVP_SpySpot_Syndicate_task_ordie;;;
FM_11_PVP_SpySpot_Syndicate_first_ordie;SimpleTaskContainer;;0;0;;;0;0;false;;;;false;;;0;;;;;;;;;;;;;;;;;;;;;;;;;0;;;;;;1;;;;;;FM_11_PVP_SpySpot_Syndicate_first;M_task_die;;;
FM_11_PVP_SpySpot_Syndicate_first;TaskGatherAndReturnItems;;1;1;FM_PVP_Syndicate_item_1;PVP_0002_DeadDropGiveItem;100;0;true;;factionarea_60412;;true;;;0;;;;IO_PVP_0002_DeadDropGiveItem;;;;;;;;;;;;;;;;;;;;;0;;@objective_mission_archive_step_1_at_POI;;13800.87 8634.37 174.17;;;;;;;;;;;;
FM_11_PVP_SpySpot_Syndicate_task_ordie;SimpleTaskContainer;;0;0;;;0;0;false;;;;false;;;0;;;;;;;;;;;;;;;;;;;;;;;;;0;;;;;;1;;;;;;FM_11_PVP_SpySpot_Syndicate_task;M_task_die;;;
FM_11_PVP_SpySpot_Syndicate_task;TaskGatherAndReturnItems;;1;1;FM_PVP_Syndicate_item_2;PVP_0001_DeadDropGiveItem;100;0;true;;factionarea_60411;;true;;;0;;;;IO_PVP_0001_DeadDropGiveItem;;;;;;;;;;;;;;;;;;;;;0;;@objective_mission_archive_step_2_at_POI;;13482.9 8320.29 208.89;;;;;;;;;;;;
FM_11_PVP_ControlSpot_Covenant_container;ConsecutiveTaskContainer;;0;0;;;0;0;false;;;;false;;;0;;;;;;;;;;;;;;;;;;;;;;;;;0;;;;;;;;;;;;FM_11_PVP_ControlSpot_Covenant_first;M_ReturnToGiver;;;
FM_11_PVP_ControlSpot_Covenant_first;SimpleTaskContainer;;0;0;;;0;0;false;;;;false;;;0;;;;;;;;;;;;;;;;;;;;;;;;;0;;@objective_task_pvp;;;;;;;;;;FM_11_PVP_ControlSpot_Covenant_task;M_task_die;;;
FM_11_PVP_ControlSpot_Covenant_task;PatrolTask;;0;0;;;0;0;true;;factionarea_60411;;true;;;0;;;;;;;;;;;;;;;;;;;;;;;;;0;;@objective_mission_task_patrol_timer;;13482.9 8320.29 208.89;;;;;;;;;;;;
FM_11_PVP_PoachSpot_Covenant_container;ConsecutiveTaskContainer;;0;0;;;0;0;false;;;;false;;;0;;;;;;;;;;;;;;;;;;;;;;;;;0;;;;;;;;;;;;FM_11_PVP_PoachSpot_Covenant_first;M_ReturnToGiver;;;
FM_11_PVP_PoachSpot_Covenant_first;SimpleTaskContainer;;0;0;;;0;0;false;;;;false;;;0;;;;;;;;;;;;;;;;;;;;;;;;;0;;@objective_task_pvp;;;;;;;;;;FM_11_PVP_PoachSpot_Covenant_task;M_task_die;;;
FM_11_PVP_PoachSpot_Covenant_task;TaskRequireGatherItems;;0;36;HerbT1;;100;0;true;;factionarea_60412;;true;;;0;;;;HerbT1;;;;;;;;;;;;;;;;;;;;;0;;@objective_mission_poach_bushes_at_POI;;13800.87 8634.37 174.17;;;;;;;;;;;;
FM_11_PVP_SpySpot_Covenant_container;ConsecutiveTaskContainer;;0;0;;;0;0;false;;;;false;;;0;;;;;;;;;;;;;;;;;;;;;;;;;0;;;;;;;;;;;;FM_11_PVP_SpySpot_Covenant_2_step_container;M_ReturnToGiver;;;
FM_11_PVP_SpySpot_Covenant_2_step_container;ConsecutiveTaskContainer;;0;0;;;0;0;false;;;;false;;;0;;;;;;;;;;;;;;;;;;;;;;;;;0;;@objective_task_pvp;;;;;;;;;;FM_11_PVP_SpySpot_Covenant_first_ordie;FM_11_PVP_SpySpot_Covenant_task_ordie;;;
FM_11_PVP_SpySpot_Covenant_first_ordie;SimpleTaskContainer;;0;0;;;0;0;false;;;;false;;;0;;;;;;;;;;;;;;;;;;;;;;;;;0;;;;;;1;;;;;;FM_11_PVP_SpySpot_Covenant_first;M_task_die;;;
FM_11_PVP_SpySpot_Covenant_first;TaskGatherAndReturnItems;;1;1;FM_PVP_Covenant_item_1;PVP_0003_DeadDropGiveItem;100;0;true;;factionarea_60413;;true;;;0;;;;IO_PVP_0003_DeadDropGiveItem;;;;;;;;;;;;;;;;;;;;;0;;@objective_mission_espionage_step_1_at_POI;;14039.83 8233.31 160.55;;;;;;;;;;;;
FM_11_PVP_SpySpot_Covenant_task_ordie;SimpleTaskContainer;;0;0;;;0;0;false;;;;false;;;0;;;;;;;;;;;;;;;;;;;;;;;;;0;;;;;;1;;;;;;FM_11_PVP_SpySpot_Covenant_task;M_task_die;;;
FM_11_PVP_SpySpot_Covenant_task;TaskGatherAndReturnItems;;1;1;FM_PVP_Covenant_item_2;PVP_0002_DeadDropGiveItem;100;0;true;;factionarea_60412;;true;;;0;;;;IO_PVP_0002_DeadDropGiveItem;;;;;;;;;;;;;;;;;;;;;0;;@objective_mission_espionage_step_2_at_POI;;13800.87 8634.37 174.17;;;;;;;;;;;;
FM_11_H_01_container;ConsecutiveTaskContainer;;0;0;;;0;0;false;;;;false;;;0;;;;;;;;;;;;;;;;;;;;;;;;;0;;;;;;;;;;;;FM_11_H_01_tasks_first_container;M_ReturnToGiver;;;
FM_11_H_01_tasks_first_container;SimpleTaskContainer;;0;0;;;0;0;false;;;;false;;;0;;;;;;;;;;;;;;;;;;;;;;;;;0;;;;;;1;;;;;;FM_11_H_01_leg_A_task;FM_11_H_01_leg_B_task;FM_11_H_01_leg_C_task;;
FM_11_H_01_leg_A_task;TaskGatherAndReturnItems;;0;3;FM_hunt_item_1_11;Bobcat_11MD01;100;0;true;;morrowtide1;;true;;;0;;;;;;;;;;;;;;;;;;;;;;;;;0;;@objective_mission_hunt_generic_at_POI;;;;;;;;;;;;;;
FM_11_H_01_leg_B_task;TaskGatherAndReturnItems;;0;3;FM_hunt_item_2_11;Boar_Stripped_11MD03;100;0;true;;morrowtide3;;true;;;0;;;;;;;;;;;;;;;;;;;;;;;;;0;;@objective_mission_hunt_generic_at_POI;;;;;;;;;;;;;;
FM_11_H_01_leg_C_task;TaskGatherAndReturnItems;;0;3;FM_hunt_item_3_11;Alligator_Black_11MD02;100;0;true;;morrowtide2;;true;;;0;;;;;;;;;;;;;;;;;;;;;;;;;0;;@objective_mission_hunt_generic_at_POI;;12885.42 6890.09 130.6;;;;;;;;;;;;
FM_11_H_02_container;ConsecutiveTaskContainer;;0;0;;;0;0;false;;;;false;;;0;;;;;;;;;;;;;;;;;;;;;;;;;0;;;;;;;;;;;;FM_11_H_02_tasks_first_container;M_ReturnToGiver;;;
FM_11_H_02_tasks_first_container;SimpleTaskContainer;;0;0;;;0;0;false;;;;false;;;0;;;;;;;;;;;;;;;;;;;;;;;;;0;;;;;;1;;;;;;FM_11_H_02_leg_A_task;FM_11_H_02_leg_B_task;FM_11_H_02_leg_C_task;;
FM_11_H_02_leg_A_task;TaskGatherAndReturnItems;;0;3;FM_hunt_item_4_11;Bobcat_11MD04;100;0;true;;morrowtide4;;true;;;0;;;;;;;;;;;;;;;;;;;;;;;;;0;;@objective_mission_hunt_generic_at_POI;;;;;;;;;;;;;;
FM_11_H_02_leg_B_task;TaskGatherAndReturnItems;;0;3;FM_hunt_item_5_11;Bear_Black_11MD06;100;0;true;;morrowtide6;;true;;;0;;;;;;;;;;;;;;;;;;;;;;;;;0;;@objective_mission_hunt_generic_at_POI;;;;;;;;;;;;;;
FM_11_H_02_leg_C_task;TaskGatherAndReturnItems;;0;3;FM_hunt_item_6_11;Lynx_11MD08;100;0;true;;morrowtide8;;true;;;0;;;;;;;;;;;;;;;;;;;;;;;;;0;;@objective_mission_hunt_generic_at_POI;;;;;;;;;;;;;;
FM_11_H_03_container;ConsecutiveTaskContainer;;0;0;;;0;0;false;;;;false;;;0;;;;;;;;;;;;;;;;;;;;;;;;;0;;;;;;;;;;;;FM_11_H_03_tasks_first_container;M_ReturnToGiver;;;
FM_11_H_03_tasks_first_container;SimpleTaskContainer;;0;0;;;0;0;false;;;;false;;;0;;;;;;;;;;;;;;;;;;;;;;;;;0;;;;;;1;;;;;;FM_11_H_03_leg_A_task;FM_11_H_03_leg_B_task;FM_11_H_03_leg_C_task;;
FM_11_H_03_leg_A_task;TaskGatherAndReturnItems;;0;3;FM_hunt_item_7_11;Wolf_Grey_11MD09;100;0;true;;morrowtide9;;true;;;0;;;;;;;;;;;;;;;;;;;;;;;;;0;;@objective_mission_hunt_generic_at_POI;;12235.78 6570.27 211.89;;;;;;;;;;;;
FM_11_H_03_leg_B_task;TaskGatherAndReturnItems;;0;1;FM_hunt_item_8_11;Bear_Grizzly_11MD10;100;0;true;;morrowtide10;;true;;;0;;;;;;;;;;;;;;;;;;;;;;;;;0;;@objective_mission_hunt_generic_at_POI;;12705.02 7622.9 337.97;;;;;;;;;;;;
FM_11_H_03_leg_C_task;TaskGatherAndReturnItems;;0;3;FM_hunt_item_9_11;Elk_Stag_11MD07;100;0;true;;morrowtide7;;true;;;0;;;;;;;;;;;;;;;;;;;;;;;;;0;;@objective_mission_hunt_generic_at_POI;;;;;;;;;;;;;;